,SUBURB,Mean House Price,Median House Price,Variance House Price,Standard Deviation House Price,SEM House Price,Mean BATHROOMS,Mean BEDROOMS,Mean GARAGE,Mean LAND_AREA,Mean BUILD_YEAR,Mean CBD_DIST,Mean STATION DISTANCE,Mean SELL DATE,Lat_precise,Long_precise,state,postcode
0,ALEXANDER HEIGHTS,453285.15625,448500.0,8340687730.684049,91327.3657272783,8072.274951707796,1.8515625,3.7890625,2.140625,627.703125,1991.8515625,13968.75,7085.9375,2017,-31.8269026,115.8671293,WA,6064
1,ALFRED COVE,840086.5666666667,803000.0,59679580061.25607,244294.04426071479,22300.893117626492,1.7916666666666667,3.5083333333333333,1.9833333333333332,616.7416666666667,1989.6416666666669,9787.958333333334,3881.133333333333,2016,-32.0318604,115.8181396,WA,6154
2,ALKIMOS,413749.8070175439,395000.0,10882972499.820835,104321.48628073142,9770.60238936474,1.973684210526316,3.631578947368421,1.8771929824561404,9031.622807017544,2009.929824561404,40705.26315789474,2512.4561403508774,2019,-31.6171563,115.6805868,WA,6038
3,ANKETELL,1008763.1578947369,1000000.0,77138232456.14034,277737.7044193682,63717.39928289451,2.1052631578947367,4.157894736842105,2.736842105263158,21029.36842105263,1997.2631578947369,29368.42105263158,4005.2631578947367,2011,-32.2179086,115.8593099,WA,6167
4,APPLECROSS,1376689.8734177216,1355000.0,264051219896.13763,513859.144023085,57813.670572057614,2.3037974683544302,3.784810126582279,2.354430379746836,777.0126582278481,1988.6708860759493,7141.772151898735,1811.6708860759493,2018,-32.0116062,115.8387269,WA,6153
5,APPLECROSS,1376689.8734177216,1355000.0,264051219896.13763,513859.144023085,57813.670572057614,2.3037974683544302,3.784810126582279,2.354430379746836,777.0126582278481,1988.6708860759493,7141.772151898735,1811.6708860759493,2018,-32.0116,115.839,WA,6953
6,ARDROSS,1072145.3223140496,1032500.0,102021043372.57022,319407.33143209195,29037.030130190178,2.066115702479338,3.727272727272727,2.008264462809917,542.9090909090909,1991.429752066116,8528.099173553719,2404.1322314049585,2017,-32.0221019,115.8353491,WA,6153
7,ARMADALE,246611.11111111112,210000.0,62647713261.64872,250295.25217560303,31534.23769508781,1.1746031746031746,3.2222222222222223,1.5714285714285714,838.2222222222222,1981.15873015873,25782.53968253968,1082.4444444444443,2019,-32.1473012,116.0128764,WA,6112
8,ARMADALE,246611.11111111112,210000.0,62647713261.64872,250295.25217560303,31534.23769508781,1.1746031746031746,3.2222222222222223,1.5714285714285714,838.2222222222222,1981.15873015873,25782.53968253968,1082.4444444444443,2019,-32.1473012,116.0128764,WA,6992
9,ASCOT,803359.1666666666,762500.0,67745311175.77028,260279.29455830765,23760.140146852787,2.0,3.566666666666667,2.091666666666667,687.2583333333333,1994.7416666666663,6890.0,2303.333333333333,2016,-31.9354582,115.9297299,WA,6104
10,ASHBY,483321.62921348313,490000.0,3576108187.726147,59800.570128771746,4482.242233153374,1.98876404494382,3.758426966292135,1.9943820224719104,513.3876404494382,2005.6685393258424,24733.76404494382,3236.4157303370785,2015,-31.7331506,115.7993996,WA,6065
11,ASHFIELD,484939.0243902439,460000.0,26189511596.588352,161831.738532923,12636.935699829935,1.5670731707317074,3.347560975609756,1.8170731707317076,646.1158536585366,1984.3475609756097,8398.780487804877,600.0914634146342,2012,-31.9172344,115.9366041,WA,6054
12,ATTADALE,1192734.7105263157,1182500.0,224399334661.411,473708.0690271288,44366.82562825705,2.1842105263157894,3.754385964912281,1.9649122807017545,775.2719298245614,1983.745614035088,9911.40350877193,4585.964912280701,2018,-32.0248597,115.7996837,WA,6156
13,ATWELL,542581.7846153846,525000.0,12453751706.448212,111596.37855436085,7991.5826571713,1.9692307692307691,3.8,1.958974358974359,594.1589743589743,2000.7794871794872,21368.71794871795,2245.702564102564,2018,-32.1460122,115.8651336,WA,6164
14,AUBIN GROVE,570786.5185185185,567525.0,9160915159.20773,95712.66979458743,7519.89753969129,2.037037037037037,3.919753086419753,2.308641975308642,562.3518518518518,2005.5617283950617,24174.69135802469,4954.938271604939,2017,-32.1683982,115.8611445,WA,6164
15,AVELEY,440986.4864864865,440000.0,8596986210.700497,92719.9342682063,7621.531648356206,1.9932432432432432,3.77027027027027,2.0945945945945947,20786.864864864863,2006.3986486486488,22337.83783783784,12284.45945945946,2019,-31.7775422,115.9864678,WA,6069
16,BALCATTA,524628.1690140845,515000.0,24648199195.17103,156997.4496454354,18632.16936224158,1.647887323943662,3.197183098591549,1.7605633802816902,723.0704225352113,1989.4788732394368,8836.61971830986,2769.0140845070423,2018,-31.8601754,115.8104652,WA,6021
17,BALCATTA,524628.1690140845,515000.0,24648199195.17103,156997.4496454354,18632.16936224158,1.647887323943662,3.197183098591549,1.7605633802816902,723.0704225352113,1989.4788732394368,8836.61971830986,2769.0140845070423,2018,-31.8601754,115.8104652,WA,6914
18,BALDIVIS,419363.4259259259,395000.0,17818904654.508476,133487.4700281209,12844.83779236295,2.0,3.87037037037037,1.8888888888888888,1434.148148148148,2004.9907407407409,43297.22222222222,4758.333333333333,2020,-32.3222184,115.8285153,WA,6171
19,BALGA,309362.0689655172,300000.0,5162752571.082882,71852.2969088872,9434.668799883648,1.5344827586206895,3.155172413793104,1.7241379310344829,518.8103448275862,1989.1896551724135,11086.206896551725,4317.241379310345,2018,-31.8576435,115.8357889,WA,6061
20,BALLAJURA,420807.3768115942,400000.0,10171035745.506613,100851.55301484758,8585.054314105117,1.7681159420289856,3.77536231884058,2.0144927536231885,645.036231884058,1991.4057971014493,12827.536231884058,8490.579710144928,2018,-31.836786,115.8935783,WA,6066
21,BANJUP,1103590.25,1100000.0,46267392254.90323,215098.56404658593,38024.41331520745,2.1875,4.1875,4.46875,20072.15625,1991.1875,22737.5,4262.5,2016,-32.1570175,115.8890062,WA,6164
22,BANKSIA GROVE,382368.0722891566,375000.0,5220994065.352318,72256.44653145017,5608.187896105658,1.933734939759036,3.620481927710844,2.0120481927710845,491.1746987951808,2007.210843373494,28821.68674698795,6093.975903614458,2018,-31.7032401,115.8049933,WA,6031
23,BASKERVILLE,904050.0,895000.0,316819313157.8947,562867.0474969153,125860.89804977055,2.2,4.1,2.3,52488.6,1990.65,25075.0,11635.0,2007,-31.7971967,116.0505576,WA,6056
24,BASSENDEAN,546484.1578947369,519000.0,35476119767.90034,188351.05459726084,19324.41046091986,1.6210526315789473,3.263157894736842,1.7473684210526317,754.8105263157895,1980.7263157894736,9948.421052631578,741.5578947368421,2019,-31.9076376,115.9425873,WA,6054
25,BASSENDEAN,546484.1578947369,519000.0,35476119767.90034,188351.05459726084,19324.41046091986,1.6210526315789473,3.263157894736842,1.7473684210526317,754.8105263157895,1980.7263157894736,9948.421052631578,741.5578947368421,2019,-31.9076376,115.9425873,WA,6934
26,BATEMAN,801316.9491525424,800000.0,37385406889.75807,193353.06278866666,17799.592189614734,1.9406779661016949,3.864406779661017,2.0762711864406778,728.4067796610169,1985.8559322033896,11560.169491525425,815.9237288135594,2016,-32.0595826,115.8443778,WA,6150
27,BAYSWATER,607954.5625,587500.0,25510121503.638157,159718.88273976298,16301.24020832661,1.5833333333333333,3.239583333333333,1.84375,636.0625,1977.3958333333333,6442.708333333333,882.5625,2019,-31.9164799,115.9172336,WA,6053
28,BAYSWATER,607954.5625,587500.0,25510121503.638157,159718.88273976298,16301.24020832661,1.5833333333333333,3.239583333333333,1.84375,636.0625,1977.3958333333333,6442.708333333333,882.5625,2019,-31.9217591,115.925209,WA,6933
29,BEACONSFIELD,774403.947368421,742500.0,60568411510.82904,246106.50440577356,23049.98601644152,1.8333333333333333,3.4035087719298245,2.0789473684210527,653.061403508772,1974.929824561404,15525.368421052632,2824.4561403508774,2017,-32.067218,115.7706321,WA,6162
30,BECKENHAM,405862.6857142857,407500.0,6395370299.696896,79971.05913827136,9558.369780083463,1.4428571428571428,3.357142857142857,2.242857142857143,794.2571428571429,1981.9714285714283,12477.142857142857,1155.3285714285714,2017,-32.0275041,115.949352,WA,6107
31,BEDFORD,660490.0574712644,640000.0,22708316739.82225,150692.78927613707,16155.962829261698,1.6896551724137931,3.2758620689655173,1.988505747126437,618.4252873563219,1977.2988505747128,5639.080459770115,1908.6436781609195,2017,-31.915616,115.884707,WA,6052
32,BEDFORDALE,748650.234375,726775.0,33994478619.629696,184375.9165933276,16296.682613828403,2.1015625,4.09375,3.078125,10510.578125,1996.1328125,30125.78125,4684.375,2016,-32.1496111,116.054328,WA,6112
33,BEECHBORO,385165.4205607477,377000.0,4657788321.283726,68247.99133515745,6597.782352776898,1.3364485981308412,3.420560747663552,2.420560747663552,714.3457943925233,1985.8878504672896,12041.121495327105,4331.77570093458,2017,-31.8680248,115.9387494,WA,6063
34,BEELIAR,536281.1728395062,520000.0,12192892516.007212,110421.43141622106,8675.526993637244,1.9876543209876545,3.8395061728395055,2.092592592592593,616.0061728395061,2003.537037037037,20643.20987654321,4545.061728395061,2018,-32.1312555,115.8115536,WA,6164
35,BELDON,490010.55555555556,490000.0,5394306619.590642,73445.94352032413,5937.752606028342,1.3986928104575165,3.5294117647058822,1.437908496732026,706.1176470588235,1985.0,21660.13071895425,1481.59477124183,2016,-31.7725971,115.7672666,WA,6027
36,BELHUS,774750.0,872500.0,136223792857.1428,369085.07536493917,61514.17922748986,1.9722222222222223,4.138888888888889,2.4444444444444446,14405.361111111111,1994.0833333333333,24122.222222222223,12972.222222222224,2008,-31.7824137,116.0134402,WA,6069
37,BELLEVUE,368800.36697247706,368000.0,11353473135.04927,106552.67774696829,10205.895550674508,1.2660550458715596,3.1009174311926606,1.6788990825688073,884.1100917431193,1977.3119266055048,17438.532110091743,3380.733944954128,2014,-31.8999664,116.0236901,WA,6056
38,BELMONT,505116.58904109587,470000.0,19497801006.68987,139634.52655661447,16342.985176374717,1.6712328767123288,3.4657534246575343,1.9726027397260275,761.945205479452,1985.027397260274,7050.6164383561645,3606.7123287671234,2017,-31.953847,115.9261098,WA,6104
39,BELMONT,505116.58904109587,470000.0,19497801006.68987,139634.52655661447,16342.985176374717,1.6712328767123288,3.4657534246575343,1.9726027397260275,761.945205479452,1985.027397260274,7050.6164383561645,3606.7123287671234,2017,-31.953847,115.9261098,WA,6984
40,BENNETT SPRINGS,495591.7251184834,480000.0,22229828965.609783,149096.71010994771,10264.24082177731,2.023696682464455,3.981042654028436,2.1658767772511847,803.1516587677725,2000.3649289099528,12609.478672985782,5701.895734597157,2016,-31.8584,115.946,WA,6063
41,BENTLEY,457648.76543209876,440000.0,15831150435.956797,125821.89966757296,13980.211074174773,1.9135802469135803,3.567901234567901,2.074074074074074,701.7530864197531,1987.8024691358023,8274.074074074075,1756.382716049383,2017,-32.0041058,115.8964003,WA,6102
42,BENTLEY,457648.76543209876,440000.0,15831150435.956797,125821.89966757296,13980.211074174773,1.9135802469135803,3.567901234567901,2.074074074074074,701.7530864197531,1987.8024691358023,8274.074074074075,1756.382716049383,2017,-32.0041058,115.8964003,WA,6982
43,BERTRAM,381613.41991341993,380000.0,4196174036.5142097,64777.88230958318,4262.071746149469,2.012987012987013,3.809523809523809,2.090909090909091,533.3116883116883,2004.896103896104,32903.4632034632,1453.060606060606,2017,-32.2475354,115.8476642,WA,6167
44,BIBRA LAKE,544325.8507462686,536500.0,15739690620.30839,125457.92370475605,10837.9139027534,1.8059701492537317,3.783582089552239,1.8059701492537317,663.9850746268656,1992.7686567164176,16123.880597014926,3786.567164179105,2017,-32.1022549,115.8240324,WA,6163
45,BICKLEY,699231.0606060605,650000.0,181835889058.85785,426422.1957858876,52488.94386596583,1.9545454545454544,3.727272727272727,2.1515151515151514,14979.59090909091,1971.5454545454545,22793.939393939392,11656.060606060606,2008,-32.0033783,116.0904378,WA,6076
46,BICTON,1083594.3766233767,1010000.0,161502279486.2378,401873.4620328118,45797.73139708965,1.8831168831168832,3.6623376623376624,2.220779220779221,735.6753246753246,1984.025974025974,10884.415584415585,3270.12987012987,2018,-32.0300552,115.7845012,WA,6157
47,BOORAGOON,893440.2173913043,867500.0,53298576057.0951,230864.8437010172,24069.323805347878,2.0543478260869565,3.8369565217391295,2.1847826086956523,811.3152173913044,1983.9565217391305,10063.04347826087,2109.782608695652,2017,-32.0363985,115.8379711,WA,6154
48,BOORAGOON,893440.2173913043,867500.0,53298576057.0951,230864.8437010172,24069.323805347878,2.0543478260869565,3.8369565217391295,2.1847826086956523,811.3152173913044,1983.9565217391305,10063.04347826087,2109.782608695652,2017,-32.0364,115.838,WA,6954
49,BOYA,521285.8585858586,525000.0,31438277553.081833,177308.42493542668,17820.167202415323,1.6868686868686869,3.4646464646464645,1.6363636363636365,2307.838383838384,1976.59595959596,18818.18181818182,5754.545454545455,2011,-31.915078,116.0532403,WA,6056
50,BRABHAM,432820.65079365077,415000.0,17573108173.134148,132563.60048344397,16701.443798976878,1.968253968253968,3.555555555555556,2.015873015873016,530.6190476190476,2004.4603174603171,18195.23809523809,8888.888888888889,2018,-31.8271,115.969,WA,6055
51,BRENTWOOD,742031.25,662500.0,79126758738.42592,281294.7897463192,24120.829224726618,1.6985294117647058,3.3088235294117645,1.7279411764705883,645.7279411764706,1994.2279411764705,10208.088235294115,579.7279411764706,2015,-32.0427611,115.8480251,WA,6153
52,BRIGADOON,705097.3300970874,765000.0,143165810072.45856,378372.58102624,37282.15821397456,2.067961165048544,4.077669902912621,2.1262135922330097,21812.70873786408,1999.6407766990287,27930.09708737864,14154.368932038837,2010,-31.7798811,116.0828251,WA,6069
53,BROOKDALE,301784.1408450704,319000.0,5785662105.994207,76063.5399254742,6383.110475151388,1.767605633802817,3.732394366197183,1.97887323943662,562.9507042253521,2000.4154929577464,27662.676056338027,1920.422535211268,2015,-32.1689832,116.0040377,WA,6112
54,BULL CREEK,810097.7011494252,770000.0,38694749064.42129,196709.80927351155,21089.50522476836,1.988505747126437,4.011494252873563,2.103448275862069,707.4827586206897,1983.2183908045977,11710.344827586208,1257.9770114942528,2017,-32.0565965,115.864873,WA,6149
55,BULLSBROOK,498796.7474747475,410000.0,47940423475.88457,218953.01659462144,22005.606144267233,1.8282828282828285,3.757575757575758,1.808080808080808,18141.16161616161,1994.828282828283,37091.9191919192,26133.33333333333,2017,-31.6553638,115.9977351,WA,6084
56,BURNS BEACH,898548.3181818182,850000.0,42547136066.49339,206269.57135383153,17953.461738130776,2.3181818181818183,4.166666666666667,2.212121212121212,566.9090909090909,2007.621212121212,28253.030303030304,2369.696969696969,2017,-31.7246872,115.7248959,WA,6028
57,BURSWOOD,975228.5714285715,1000000.0,119297593277.31094,345394.8367843835,58382.383173916656,2.0285714285714285,3.5142857142857142,1.8,557.7714285714286,1989.4,3908.571428571429,473.2857142857143,2016,-31.9633074,115.8967553,WA,6100
58,BUTLER,383239.1304347826,370000.0,6770824820.599408,82285.02184844705,5719.204372134177,1.9420289855072463,3.5893719806763285,1.8888888888888888,474.4927536231884,2006.782608695652,37368.59903381643,1233.1159420289855,2019,-31.6417639,115.7041334,WA,6036
59,BYFORD,423198.3606557377,405000.0,13020634212.166372,114107.99363833532,10330.852333461646,1.942622950819672,3.877049180327869,2.057377049180328,808.4016393442623,2008.254098360656,32390.983606557376,7675.409836065573,2019,-32.2217191,116.0088444,WA,6122
60,CALISTA,293624.0875912409,305000.0,3403295628.7569757,58337.77188714851,4984.13221459189,1.2043795620437956,3.153284671532847,1.781021897810219,788.4087591240876,1976.8321167883207,33128.46715328467,2211.6788321167883,2014,-32.2471167,115.8065532,WA,6167
61,CAMILLO,300934.6153846154,299500.0,3490904606.440072,59083.87772006905,5181.998876614248,1.2923076923076924,3.423076923076923,1.984615384615385,689.8384615384615,1981.953846153846,22453.07692307692,1289.823076923077,2016,-32.1122,116.004,WA,6111
62,CANNING VALE,589988.3846153846,580000.0,11559044887.076912,107512.99868888837,8607.928995050224,2.019230769230769,3.967948717948718,1.807692307692308,700.25,1999.025641025641,16023.076923076924,4865.384615384615,2019,-32.0888848,115.9178123,WA,6155
63,CANNINGTON,430695.0,400800.0,13837864943.373499,117634.45474593529,12834.97126685966,1.761904761904762,3.273809523809524,2.011904761904762,740.0119047619048,1990.309523809524,9970.238095238095,817.297619047619,2016,-32.0178684,115.9346654,WA,6107
64,CANNINGTON,430695.0,400800.0,13837864943.373499,117634.45474593529,12834.97126685966,1.761904761904762,3.273809523809524,2.011904761904762,740.0119047619048,1990.309523809524,9970.238095238095,817.297619047619,2016,-32.0179,115.935,WA,6980
65,CANNINGTON,430695.0,400800.0,13837864943.373499,117634.45474593529,12834.97126685966,1.761904761904762,3.273809523809524,2.011904761904762,740.0119047619048,1990.309523809524,9970.238095238095,817.297619047619,2016,-32.0179,115.935,WA,6987
66,CARABOODA,917023.8095238095,980000.0,150290711904.76187,387673.46040806285,84597.284630734,2.333333333333333,4.523809523809524,2.952380952380953,35544.90476190476,1987.6666666666667,41419.04761904762,4409.523809523809,2010,-31.5988865,115.7160969,WA,6033
67,CARDUP,679797.4683544304,740000.0,76063311019.14967,275795.77773988794,31029.449266163076,1.860759493670886,3.9367088607594938,2.354430379746836,16395.3417721519,1998.746835443038,34940.50632911392,11158.227848101264,2012,-32.2566391,115.9809995,WA,6122
68,CARINE,805571.8487394959,807500.0,24792356679.604053,157455.88804361701,14433.957591782602,1.9915966386554624,3.9159663865546217,1.9663865546218489,730.3277310924369,1983.5210084033613,13472.268907563026,1904.546218487395,2017,-31.8511492,115.7776455,WA,6020
69,CARLISLE,543074.358974359,510000.0,15908542970.362974,126129.07266115522,14281.305231218104,1.6666666666666667,3.1666666666666665,2.141025641025641,523.1410256410256,1987.7307692307693,6348.717948717948,763.1282051282051,2018,-31.9786278,115.9171073,WA,6101
70,CARMEL,615028.8461538461,585000.0,111007837386.87785,333178.3867343106,46203.52912488184,1.8461538461538465,3.942307692307693,2.1923076923076925,19412.98076923077,1979.2115384615383,23250.0,10842.307692307691,2008,-32.0189524,116.0740776,WA,6076
71,CARRAMAR,524224.85576923075,500000.0,15264410610.60711,123549.22343182538,8566.597310138526,2.0288461538461537,4.0048076923076925,2.1009615384615383,808.4471153846154,2001.2163461538464,28093.26923076923,4071.153846153846,2018,-31.7061221,115.7879599,WA,6031
72,CASUARINA,615175.6447368421,712500.0,97801279240.25879,312731.96069519146,35872.81613383351,1.9605263157894737,3.934210526315789,2.473684210526316,14438.276315789471,1991.421052631579,31636.84210526316,3186.842105263158,2008,-32.2375879,115.8745816,WA,6167
73,CAVERSHAM,486736.1111111111,450000.0,25935653651.903652,161045.50180586745,13420.458483822287,1.9583333333333333,3.7430555555555554,2.25,1805.8402777777776,2002.3958333333333,13854.166666666666,3491.6666666666665,2017,-31.8757294,115.9748739,WA,6055
74,CHAMPION LAKES,424488.8888888889,406000.0,80739998009.95029,284147.8453375114,24455.5527300645,1.874074074074074,3.4962962962962965,1.8,2727.474074074074,2007.1851851851848,22089.62962962963,2201.4814814814813,2013,-32.1171178,115.9860294,WA,6111
75,CHIDLOW,506955.1886792453,499000.0,21021558091.868828,144988.1308654913,14082.492171925656,1.5754716981132075,3.4716981132075477,2.30188679245283,12956.433962264153,1983.5,40171.698113207545,25570.754716981133,2013,-31.8580021,116.2716751,WA,6556
76,CHURCHLANDS,1313734.8484848484,1342500.0,107126844234.32803,327302.37431819533,28488.01505502292,2.340909090909091,3.946969696969697,2.053030303030303,860.5151515151515,1997.4166666666667,7098.484848484848,3059.848484848485,2016,-31.9215456,115.7897621,WA,6018
77,CITY BEACH,1654765.2692307692,1650000.0,103080211322.06897,321061.0710161993,25705.45828025398,2.2884615384615383,4.057692307692308,2.333333333333333,860.0384615384615,1977.7884615384612,9414.102564102564,5674.358974358975,2017,-31.9393057,115.7634366,WA,6015
78,CLAREMONT,1282131.5555555555,1205000.0,163366931842.12183,404186.75366978796,50922.74444937058,2.015873015873016,3.3492063492063493,2.0793650793650795,551.5714285714286,1982.2380952380952,7803.174603174603,610.2698412698413,2018,-31.9842456,115.7780005,WA,6010
79,CLAREMONT,1282131.5555555555,1205000.0,163366931842.12183,404186.75366978796,50922.74444937058,2.015873015873016,3.3492063492063493,2.0793650793650795,551.5714285714286,1982.2380952380952,7803.174603174603,610.2698412698413,2018,-31.9842456,115.7780005,WA,6910
80,CLARKSON,374551.9588235294,370000.0,6421051851.696515,80131.46605233499,6145.802896715254,1.876470588235294,3.6411764705882352,1.8705882352941177,967.2058823529412,2002.758823529412,32309.41176470588,1530.9176470588236,2019,-31.6843679,115.7267753,WA,6030
81,CLOVERDALE,438314.28571428574,426000.0,9628624430.641829,98125.55442208634,11728.24699520766,1.6857142857142855,3.3142857142857145,2.442857142857143,659.3,1986.0285714285717,8300.0,4515.714285714285,2018,-31.9624535,115.9447259,WA,6105
82,CLOVERDALE,438314.28571428574,426000.0,9628624430.641829,98125.55442208634,11728.24699520766,1.6857142857142855,3.3142857142857145,2.442857142857143,659.3,1986.0285714285717,8300.0,4515.714285714285,2018,-31.9624535,115.9447259,WA,6985
83,COCKBURN CENTRAL,492742.42424242425,515000.0,18692767518.939392,136721.49618454077,23800.157574560744,1.9696969696969695,3.1818181818181817,1.7878787878787878,1185.3030303030305,2003.3939393939395,19427.272727272728,850.2424242424242,2016,-32.1213274,115.848442,WA,6164
84,COMO,977760.8333333334,845000.0,135665376109.46324,368327.8106652595,47550.915888386284,1.95,3.566666666666667,2.2,728.3666666666667,1984.8833333333332,5128.333333333333,1802.25,2019,-32.0010903,115.8617166,WA,6152
85,COMO,977760.8333333334,845000.0,135665376109.46324,368327.8106652595,47550.915888386284,1.95,3.566666666666667,2.2,728.3666666666667,1984.8833333333332,5128.333333333333,1802.25,2019,-32.0010903,115.8617166,WA,6952
86,CONNOLLY,705674.0,685000.0,37864679661.290306,194588.4879978523,17404.523472083987,2.104,3.976,2.112,990.352,1992.224,24886.4,1770.232,2016,-31.7518034,115.7505882,WA,6027
87,COOGEE,790131.2977099237,755000.0,48834465243.68762,220985.21498889383,19307.567879790815,2.15267175572519,3.954198473282443,2.595419847328244,670.6030534351145,1996.2671755725191,20308.396946564884,7719.847328244275,2017,-32.116126,115.7657929,WA,6166
88,COOLBELLUP,477543.47826086957,480000.0,5302789297.658864,72820.25334794479,7592.036229167223,1.391304347826087,3.282608695652174,1.858695652173913,646.554347826087,1979.1521739130435,15147.826086956522,4486.95652173913,2017,-32.0834068,115.806858,WA,6163
89,COOLBINIA,1139132.6241134752,1075000.0,184692086499.4935,429758.1721148459,36192.167024055314,1.822695035460993,3.4609929078014185,2.00709219858156,767.6524822695036,1969.099290780142,4241.843971631206,2911.3475177304963,2013,-31.9138684,115.8543906,WA,6050
90,COOLOONGUP,287516.2878787879,285000.0,4474334637.260002,66890.46746181404,5822.0678907667325,1.446969696969697,3.5454545454545454,1.681818181818182,726.060606060606,1987.659090909091,39328.78787878788,1022.1590909090908,2018,-32.2945848,115.7629192,WA,6168
91,COTTESLOE,1646283.3333333333,1690000.0,213097560490.19608,461624.9132035619,55573.108981654965,2.0434782608695654,3.3043478260869565,1.7536231884057971,622.6521739130435,1968.6521739130435,10357.971014492754,502.9420289855073,2018,-31.9896506,115.7630503,WA,6011
92,COTTESLOE,1646283.3333333333,1690000.0,213097560490.19608,461624.9132035619,55573.108981654965,2.0434782608695654,3.3043478260869565,1.7536231884057971,622.6521739130435,1968.6521739130435,10357.971014492754,502.9420289855073,2018,-31.9896506,115.7630503,WA,6911
93,CRAIGIE,448367.02127659577,445000.0,4898420298.558682,69988.71550870671,7218.784817404241,1.2340425531914894,3.372340425531915,1.5319148936170213,789.0957446808511,1980.8085106382975,20470.212765957447,1802.86170212766,2018,-31.7852371,115.7675831,WA,6025
94,CRAWLEY,943272.7272727273,818000.0,161483826839.82684,401850.5030976406,85674.81512827941,1.4545454545454546,2.9545454545454546,1.3636363636363635,445.27272727272725,1980.3636363636365,5023.409090909091,3450.0,2015,-31.9820615,115.8107681,WA,6009
95,CURRAMBINE,543432.584269663,520000.0,14029162096.108702,118444.76390330095,8877.81039411572,2.02247191011236,3.859550561797753,1.9438202247191008,669.7921348314607,1997.8370786516853,26636.516853932582,1105.241573033708,2018,-31.7350638,115.7450235,WA,6028
96,DAGLISH,1044676.7676767677,1060000.0,60266241393.527115,245491.8356962755,24672.857821215817,1.7373737373737377,3.202020202020202,1.9393939393939397,690.2323232323232,1962.6969696969695,4616.161616161616,468.5252525252525,2013,-31.9518509,115.8097338,WA,6008
97,DALKEITH,1951092.3424657534,2039000.0,155005701805.56165,393707.634934302,46079.99325258608,2.287671232876712,4.013698630136986,2.095890410958904,947.8219178082192,1965.1780821917807,7454.7945205479455,3032.876712328767,2016,-31.9947742,115.7988073,WA,6009
98,DARCH,574450.4378109453,577000.0,8554515196.5273695,92490.62220856431,6523.785488284474,2.0248756218905477,3.9203980099502487,2.029850746268657,544.9154228855722,2006.179104477612,15585.074626865671,5956.716417910448,2017,-31.8132291,115.8448339,WA,6065
99,DARLING DOWNS,848750.0,820000.0,69956078358.20895,264492.11398113356,32074.380090797626,2.0588235294117645,4.205882352941177,3.147058823529412,18302.352941176472,1994.1911764705883,29932.352941176472,4801.470588235294,2014,-32.1967124,115.9866015,WA,6122
100,DARLINGTON,707432.6923076923,645000.0,63576732353.160416,252144.26892785094,22114.515308547987,1.907692307692308,3.753846153846154,2.2846153846153845,2529.630769230769,1973.7769230769231,21028.46153846154,7653.076923076923,2017,-31.9226334,116.0827607,WA,6070
101,DAYTON,464128.3783783784,465000.0,15439116854.868568,124254.24280429448,14444.262329900432,1.9864864864864864,3.445945945945946,2.027027027027027,834.1621621621622,2008.891891891892,15020.27027027027,4609.459459459459,2016,-31.8556,115.969,WA,6055
102,DIANELLA,678584.4594594594,651250.0,50615904583.950386,224979.78705641621,26153.36901039566,1.8513513513513515,3.527027027027027,1.7972972972972974,659.0,1988.9594594594596,7275.675675675676,5004.054054054054,2019,-31.8843665,115.8699209,WA,6059
103,DOUBLEVIEW,836239.5833333334,777750.0,83669184100.87723,289256.2602622063,29522.09343950399,1.8229166666666667,3.34375,2.020833333333333,513.6145833333334,1986.3333333333333,9619.791666666666,2237.5,2019,-31.8999114,115.7812494,WA,6018
104,DUNCRAIG,713762.3655913979,650000.0,38697727807.38661,196717.3805422048,20398.642113616927,1.8387096774193548,3.795698924731183,1.946236559139785,710.0,1982.6559139784947,15490.32258064516,1550.451612903226,2019,-31.8306124,115.7752703,WA,6023
105,EAST CANNINGTON,507159.2477876106,495000.0,18275366132.688057,135186.4125298399,12717.26793887342,1.7964601769911503,3.7168141592920354,2.256637168141593,773.4690265486726,1993.1061946902653,11264.601769911504,1480.132743362832,2016,-32.0056699,115.9633174,WA,6107
106,EAST FREMANTLE,1122097.5,1047500.0,185326725877.52524,430495.9069230801,43049.59069230801,1.82,3.43,2.04,807.29,1962.81,13095.0,1909.79,2018,-32.0367504,115.7663951,WA,6158
107,EAST PERTH,510181.8181818182,455000.0,56709163636.36363,238136.8590461452,71800.96456452861,1.6363636363636365,2.5454545454545454,1.5454545454545454,1363.7272727272727,1997.1818181818185,1590.909090909091,603.7272727272727,2019,-31.9540106,115.8787926,WA,6004
108,EAST PERTH,510181.8181818182,455000.0,56709163636.36363,238136.8590461452,71800.96456452861,1.6363636363636365,2.5454545454545454,1.5454545454545454,1363.7272727272727,1997.1818181818185,1590.909090909091,603.7272727272727,2019,-31.9607635,115.8745971,WA,6892
109,EAST VICTORIA PARK,651532.4494382022,639000.0,22375452986.704815,149584.26717641403,15855.900608930382,1.6292134831460674,3.269662921348315,2.067415730337079,526.0,1970.112359550562,5811.23595505618,1348.685393258427,2018,-31.9846562,115.9083631,WA,6101
110,EAST VICTORIA PARK,651532.4494382022,639000.0,22375452986.704815,149584.26717641403,15855.900608930382,1.6292134831460674,3.269662921348315,2.067415730337079,526.0,1970.112359550562,5811.23595505618,1348.685393258427,2018,-31.9889419,115.9060249,WA,6981
111,EDEN HILL,467236.7346938776,461500.0,10566882966.547438,102795.34506264103,10383.897938314938,1.4591836734693877,3.2857142857142856,2.7142857142857144,897.2551020408164,1979.7755102040817,10582.65306122449,1515.8367346938776,2016,-31.8906446,115.9421817,WA,6054
112,EDGEWATER,560366.25,559000.0,10458878032.037815,102268.65615640901,9335.808317100798,1.8416666666666663,3.808333333333333,1.8916666666666664,788.7083333333334,1986.0583333333332,22014.166666666668,1127.2,2016,-31.7647978,115.781458,WA,6027
113,EGLINTON,391879.7368421053,394000.0,11786127205.263157,108563.93141952422,12453.136999241742,1.9342105263157892,3.6052631578947367,1.605263157894737,643.421052631579,2011.171052631579,43557.89473684211,5310.526315789473,2017,-31.5877637,115.6687491,WA,6034
114,ELLENBROOK,388606.4516129032,380000.0,8747746711.353163,93529.38955939551,7512.461351455804,1.941935483870968,3.825806451612903,2.0,566.2967741935483,2002.4967741935484,22374.83870967742,13577.41935483871,2019,-31.7645555,116.005922,WA,6069
115,EMBLETON,524185.8585858586,520000.0,14076685104.102243,118645.20683155407,11924.291946496245,1.585858585858586,3.2222222222222223,1.9393939393939397,587.020202020202,1983.757575757576,7238.383838383838,1777.7777777777778,2016,-31.90313,115.9104907,WA,6062
116,FERNDALE,460006.25,464000.0,9342889141.281513,96658.62166036465,8823.684576789861,1.5083333333333333,3.55,2.283333333333333,1016.45,1978.8833333333332,10787.5,3127.5,2016,-32.0307555,115.9253485,WA,6148
117,FLOREAT,1476393.7007874015,1475000.0,152642069960.005,390694.34339391836,34668.51688026479,2.1811023622047245,3.921259842519685,2.1496062992125986,798.0472440944882,1972.6614173228347,6300.787401574803,3100.787401574803,2018,-31.9344265,115.7906461,WA,6014
118,FORRESTDALE,663643.05,482500.0,182104493182.89572,426737.0304800085,55091.51374196933,1.5666666666666669,3.783333333333333,2.3833333333333333,9635.2,1984.6166666666663,23650.0,6835.0,2013,-32.1477898,115.9369583,WA,6112
119,FORRESTFIELD,420805.0847457627,417500.0,11128230914.095322,105490.4304384778,9711.181269283135,1.6355932203389831,3.559322033898305,1.728813559322034,913.1271186440678,1991.71186440678,14312.71186440678,7777.966101694915,2019,-31.9831525,116.0000104,WA,6058
120,FREMANTLE,859845.0704225352,805000.0,73141654225.35208,270447.1375802526,32096.170239127336,1.5774647887323945,3.0985915492957745,1.7746478873239435,566.6760563380282,1967.4929577464789,14718.30985915493,1653.0704225352113,2019,-32.0539328,115.7604781,WA,6160
121,FREMANTLE,859845.0704225352,805000.0,73141654225.35208,270447.1375802526,32096.170239127336,1.5774647887323945,3.0985915492957745,1.7746478873239435,566.6760563380282,1967.4929577464789,14718.30985915493,1653.0704225352113,2019,-32.0518191,115.7551085,WA,6959
122,GIDGEGANNUP,792695.4022988506,775000.0,49023316025.126976,221412.0954806376,23737.86829294942,1.9540229885057472,3.8620689655172415,2.942528735632184,73836.6091954023,1994.896551724138,35675.862068965514,20721.83908045977,2015,-31.7930685,116.1965988,WA,6083
123,GIRRAWHEEN,318997.87234042556,321000.0,3688446662.0910554,60732.583199556524,6264.087665220244,1.1702127659574468,3.223404255319149,1.6914893617021276,1253.351063829787,1975.9787234042556,12518.08510638298,4159.574468085107,2017,-31.8406834,115.8403151,WA,6064
124,GLEN FORREST,631721.582733813,590000.0,33698082429.360863,183570.37459612286,15570.235954963679,1.7482014388489209,3.647482014388489,2.647482014388489,4043.489208633093,1981.1654676258995,23592.086330935253,9948.920863309351,2015,-31.910937,116.1042495,WA,6071
125,GLENDALOUGH,480360.0,430000.0,56030656666.666664,236707.9564921016,47341.59129842032,1.28,2.64,1.48,4996.84,1986.84,5176.0,623.56,2015,-31.9192332,115.8200294,WA,6016
126,GNANGARA,808208.3333333334,850000.0,218817679558.5809,467779.52024279657,46317.07426232125,2.176470588235294,4.352941176470588,2.588235294117647,14153.137254901962,1995.0196078431368,19407.843137254906,7440.196078431372,2007,-31.7756709,115.8656825,WA,6065
127,GNANGARA,808208.3333333334,850000.0,218817679558.5809,467779.52024279657,46317.07426232125,2.176470588235294,4.352941176470588,2.588235294117647,14153.137254901962,1995.0196078431368,19407.843137254906,7440.196078431372,2007,-31.7757,115.866,WA,6077
128,GOLDEN BAY,415339.5061728395,370000.0,21355167669.753086,146134.0742939616,16237.119365995733,1.839506172839506,3.617283950617284,2.0246913580246915,831.1604938271605,1998.8024691358023,53541.97530864197,10804.93827160494,2018,-32.4262528,115.7634366,WA,6174
129,GOOSEBERRY HILL,857120.4379562044,785000.0,92762905020.395,304570.03303082037,26021.17400309282,2.116788321167883,3.854014598540146,2.394160583941606,3074.197080291971,1982.7518248175184,17748.17518248175,8188.321167883211,2016,-31.9554445,116.0511246,WA,6076
130,GOSNELLS,299551.724137931,291000.0,3710854851.643951,60916.7862878858,6530.965016127746,1.5402298850574712,3.471264367816092,1.8505747126436785,719.7931034482758,1986.2298850574712,18903.44827586207,1556.5632183908046,2019,-32.0823022,115.9902668,WA,6110
131,GOSNELLS,299551.724137931,291000.0,3710854851.643951,60916.7862878858,6530.965016127746,1.5402298850574712,3.471264367816092,1.8505747126436785,719.7931034482758,1986.2298850574712,18903.44827586207,1556.5632183908046,2019,-32.0823022,115.9902668,WA,6990
132,GREENMOUNT,514081.52173913043,491250.0,16657519309.346231,129064.01244865368,10986.658348284487,1.572463768115942,3.565217391304348,2.057971014492753,1417.840579710145,1978.0289855072465,19061.594202898552,4719.565217391304,2015,-31.8983463,116.0489523,WA,6056
133,GREENWOOD,512138.65546218486,510000.0,8702923408.346392,93289.460328305,8551.830807153014,1.5294117647058822,3.5294117647058822,1.8403361344537812,731.7647058823529,1977.9747899159663,14821.008403361344,1982.378151260504,2018,-31.8248279,115.804795,WA,6024
134,GREENWOOD,512138.65546218486,510000.0,8702923408.346392,93289.460328305,8551.830807153014,1.5294117647058822,3.5294117647058822,1.8403361344537812,731.7647058823529,1977.9747899159663,14821.008403361344,1982.378151260504,2018,-31.8248279,115.804795,WA,6924
135,GUILDFORD,750958.8607594937,660000.0,106621802436.91048,326529.9411032784,25977.327314618527,1.5443037974683544,3.2151898734177213,2.1835443037974684,731.1582278481013,1942.7848101265824,11792.183544303798,643.506329113924,2015,-31.8989836,115.9718099,WA,6055
136,GUILDFORD,750958.8607594937,660000.0,106621802436.91048,326529.9411032784,25977.327314618527,1.5443037974683544,3.2151898734177213,2.1835443037974684,731.1582278481013,1942.7848101265824,11792.183544303798,643.506329113924,2015,-31.8989836,115.9718099,WA,6935
137,GWELUP,863702.1857923497,860000.0,38958901203.987236,197380.09323127609,14590.7563379556,2.065573770491804,3.792349726775957,2.0491803278688523,540.8360655737705,1999.415300546448,10906.55737704918,2286.338797814208,2017,-31.8692507,115.7962494,WA,6018
138,HAMERSLEY,560256.652892562,550000.0,10523063647.24519,102581.9850034361,9325.635000312373,1.5867768595041325,3.611570247933885,1.8925619834710743,744.5206611570248,1976.9504132231405,12210.743801652892,1649.9504132231405,2017,-31.8514757,115.8137261,WA,6022
139,HAMILTON HILL,500102.5641025641,495000.0,11189904928.40493,105782.34696018485,11977.492208093268,1.435897435897436,3.1538461538461537,2.0,780.0769230769231,1977.6666666666667,16261.53846153846,5069.2307692307695,2019,-32.0860323,115.7764909,WA,6163
140,HAMILTON HILL,500102.5641025641,495000.0,11189904928.40493,105782.34696018485,11977.492208093268,1.435897435897436,3.1538461538461537,2.0,780.0769230769231,1977.6666666666667,16261.53846153846,5069.2307692307695,2019,-32.0860323,115.7764909,WA,6963
141,HAMMOND PARK,528643.679245283,522500.0,8511944234.905661,92260.19854143856,8961.102650157354,1.962264150943396,3.811320754716981,1.9528301886792447,937.1698113207548,2007.877358490566,23719.81132075472,4555.66037735849,2018,-32.1684435,115.8494387,WA,6164
142,HARRISDALE,546854.4362416108,525000.0,19031436994.51786,137954.4743548315,11301.670896990334,2.0268456375838926,3.785234899328859,2.140939597315436,501.4161073825503,2009.9127516778524,19996.64429530201,6779.798657718121,2018,-32.1176,115.932,WA,6112
143,HAYNES,265126.0869565217,195000.0,49482828260.86956,222447.36065161476,20743.323338799793,1.626086956521739,3.5565217391304347,1.191304347826087,2422.278260869565,2010.3739130434783,23056.08695652174,2522.521739130435,2013,-32.1528,115.975,WA,6112
144,HAZELMERE,480822.7848101266,475000.0,119847910499.83769,346190.5696286912,38949.48213039287,1.4430379746835442,3.354430379746836,1.962025316455696,4117.772151898735,1977.506329113924,13830.379746835442,1326.0,2008,-31.9106188,116.0098025,WA,6055
145,HEATHRIDGE,463023.828125,460000.0,8256277793.891484,90864.06216921784,8031.324315751245,1.4765625,3.578125,1.6484375,694.7265625,1986.40625,23121.09375,1918.1171875,2018,-31.759339,115.7579544,WA,6027
146,HELENA VALLEY,609165.6804733728,585000.0,29737186672.302048,172444.73512491488,13264.979624993452,1.9289940828402368,3.911242603550296,2.2958579881656807,1720.3254437869823,1996.7455621301772,16970.414201183434,4134.91124260355,2016,-31.9200748,116.0343803,WA,6056
147,HENLEY BROOK,615389.2009803922,502500.0,102721085128.15144,320501.3028493823,22439.57956425098,2.0392156862745097,3.950980392156863,2.3872549019607843,4393.656862745098,2000.3774509803925,20266.176470588234,10630.882352941177,2014,-31.8011091,115.9748448,WA,6055
148,HERNE HILL,608220.1754385965,452500.0,104961679500.85379,323977.89971054165,30343.31041349303,1.4912280701754386,3.5,1.947368421052632,16933.298245614034,1978.780701754386,21040.122807017546,7532.096491228071,2010,-31.8291659,116.0166261,WA,6056
149,HIGH WYCOMBE,435423.7804878049,439500.0,6684636792.982188,81759.62813627633,6384.354348327898,1.7073170731707317,3.6890243902439024,1.9085365853658536,680.0670731707318,1993.560975609756,13943.292682926827,5373.170731707317,2018,-31.9365204,116.006311,WA,6057
150,HIGHGATE,790883.0263157894,792500.0,74144795353.43172,272295.4192663397,44172.14988078245,1.4210526315789471,2.789473684210526,1.394736842105263,906.7631578947368,1963.421052631579,1776.3157894736842,797.1578947368421,2016,-31.9392191,115.8691573,WA,6003
151,HILBERT,463561.36363636365,423750.0,39445345156.73982,198608.5223668406,21171.739621469846,1.9659090909090908,3.715909090909091,2.0568181818181817,1157.465909090909,2006.715909090909,27365.90909090909,3363.6363636363635,2016,-32.1776,115.983,WA,6112
152,HILLARYS,930758.4507042253,880000.0,81202687268.50452,284960.85216833645,23913.38349840066,1.9577464788732395,3.8028169014084505,1.8450704225352117,672.3521126760563,1993.0774647887324,19410.56338028169,3710.56338028169,2019,-31.8083286,115.7438768,WA,6025
153,HILLARYS,930758.4507042253,880000.0,81202687268.50452,284960.85216833645,23913.38349840066,1.9577464788732395,3.8028169014084505,1.8450704225352117,672.3521126760563,1993.0774647887324,19410.56338028169,3710.56338028169,2019,-31.8083,115.744,WA,6923
154,HILLMAN,302450.5747126437,305000.0,2593248756.893229,50923.95071960962,3860.534741184454,1.2413793103448276,3.396551724137931,1.4827586206896552,730.5747126436781,1976.9827586206895,37948.85057471264,829.948275862069,2013,-32.2828886,115.7630414,WA,6168
155,HILTON,555069.3870967742,550000.0,10745337877.761568,103659.72157864195,10749.012396625682,1.4408602150537635,3.150537634408602,1.827956989247312,615.741935483871,1971.967741935484,14625.806451612903,4324.731182795699,2017,-32.0702,115.784,WA,6163
156,HOCKING,500639.34426229505,512500.0,5179745586.380835,71970.44939682422,5320.208707429217,1.9508196721311477,3.907103825136612,1.9726775956284155,602.4098360655738,2002.6284153005463,20612.021857923497,3843.169398907104,2018,-31.7698267,115.8201204,WA,6065
157,HOPE VALLEY,450416.6666666667,422500.0,89831041666.66666,299718.2704919182,122359.4715491113,1.6666666666666667,3.333333333333333,0.6666666666666666,18442.5,1985.3333333333333,26250.0,5833.333333333333,2002,-32.200778,115.8057319,WA,6165
158,HOPELAND,724075.0,772500.0,224636480921.05264,473958.3113745898,105980.30027345945,1.85,3.75,1.65,170135.05,1993.95,47825.0,12640.0,2006,-32.3642829,115.9092153,WA,6125
159,HOVEA,578225.0,638750.0,121926522095.95961,349179.7847756362,34917.97847756362,1.93,3.74,2.18,19098.48,1983.79,25132.0,10686.0,2006,-31.8757092,116.112542,WA,6071
160,HUNTINGDALE,400517.5135135135,410000.0,5609033901.392471,74893.48370447506,5506.278431907438,1.6972972972972973,3.708108108108108,2.135135135135135,642.027027027027,1992.7675675675675,17534.054054054053,3707.567567567568,2017,-32.0866604,115.9670872,WA,6110
161,ILUKA,894611.7924528302,825000.0,45343966424.26003,212941.22762926872,14624.863557541255,2.169811320754717,4.15566037735849,2.0141509433962264,645.5801886792453,2003.089622641509,27033.962264150945,2324.056603773585,2018,-31.738911,115.7291538,WA,6028
162,INGLEWOOD,824133.9130434783,790000.0,73696825638.06255,271471.59269076854,25314.85654847977,1.6956521739130437,3.1826086956521737,1.8434782608695648,536.6695652173913,1967.8434782608692,4520.869565217391,1490.0695652173913,2018,-31.9168382,115.8851214,WA,6052
163,INGLEWOOD,824133.9130434783,790000.0,73696825638.06255,271471.59269076854,25314.85654847977,1.6956521739130437,3.1826086956521737,1.8434782608695648,536.6695652173913,1967.8434782608692,4520.869565217391,1490.0695652173913,2018,-31.9168382,115.8851214,WA,6932
164,INNALOO,552731.4666666667,552250.0,15808668778.558195,125732.52872092486,16231.999660422924,1.65,3.1,1.8333333333333333,363.9333333333333,1995.0,9150.0,1178.2833333333333,2018,-31.8942851,115.7962433,WA,6018
165,INNALOO,552731.4666666667,552250.0,15808668778.558195,125732.52872092486,16231.999660422924,1.65,3.1,1.8333333333333333,363.9333333333333,1995.0,9150.0,1178.2833333333333,2018,-31.8943,115.796,WA,6918
166,JANDABUP,594807.6923076923,385000.0,163514661538.46155,404369.461678873,79303.37599236859,1.8846153846153848,4.0,2.8076923076923075,28412.5,1995.2307692307693,23192.30769230769,7369.2307692307695,2004,-31.7368317,115.8532467,WA,6065
167,JANDABUP,594807.6923076923,385000.0,163514661538.46155,404369.461678873,79303.37599236859,1.8846153846153848,4.0,2.8076923076923075,28412.5,1995.2307692307693,23192.30769230769,7369.2307692307695,2004,-31.753,115.864,WA,6077
168,JANDAKOT,737267.3944444444,706500.0,32563288691.05583,180453.009648096,13450.1732105856,2.2333333333333334,4.038888888888889,2.2222222222222223,1990.8222222222223,1998.3333333333333,16771.11111111111,2593.333333333333,2015,-32.1071414,115.8598559,WA,6164
169,JANE BROOK,506568.1641791045,515000.0,8506843790.4179125,92232.5527697131,6505.582673556395,1.9751243781094527,3.945273631840796,2.218905472636816,689.681592039801,2001.766169154229,20767.66169154229,5797.512437810945,2016,-31.8619221,116.0594798,WA,6056
170,JARRAHDALE,543730.8333333334,557500.0,37026145133.7535,192421.78965427357,17565.62579152664,1.8166666666666669,3.7083333333333335,2.575,6901.108333333334,1987.6666666666667,46712.5,20871.666666666668,2014,-32.3759261,116.1595761,WA,6124
171,JINDALEE,610807.3394495413,600000.0,25271883834.522625,158971.3302281975,15226.691868913935,2.0458715596330275,3.81651376146789,1.9908256880733943,509.0091743119266,2008.8623853211009,37608.25688073395,1707.3394495412845,2017,-31.6506812,115.6920211,WA,6036
172,JOLIMONT,1051971.31147541,1020000.0,96572616871.58464,310761.35035036877,39788.913702594786,1.836065573770492,3.3278688524590163,1.9180327868852456,834.983606557377,1978.032786885246,4677.049180327869,783.0983606557377,2014,-31.947634,115.8115906,WA,6014
173,JOONDALUP,521552.8703703704,530000.0,17431623011.31014,132028.87188531962,12704.484120631982,1.9259259259259256,3.555555555555556,1.8240740740740744,720.4166666666666,1996.537037037037,26201.85185185185,1139.861111111111,2018,-31.7339218,115.7657296,WA,6027
174,JOONDANNA,624365.6626506024,635000.0,45196641154.12871,212595.01676692403,23335.334692917226,1.6024096385542168,3.156626506024097,1.9156626506024097,590.722891566265,1982.3493975903611,5122.891566265061,1489.3493975903614,2017,-31.9108876,115.8457182,WA,6060
175,KALAMUNDA,679729.4117647059,650000.0,36129574719.887955,190077.81227667778,20616.83341917415,1.811764705882353,3.7058823529411766,2.176470588235294,1898.1411764705883,1978.9058823529413,18612.941176470587,10083.529411764706,2018,-31.9755983,116.0565936,WA,6076
176,KALAMUNDA,679729.4117647059,650000.0,36129574719.887955,190077.81227667778,20616.83341917415,1.811764705882353,3.7058823529411766,2.176470588235294,1898.1411764705883,1978.9058823529413,18612.941176470587,10083.529411764706,2018,-31.9755983,116.0565936,WA,6926
177,KALLAROO,813718.75,772000.0,109866867023.60141,331461.7127566944,27621.8093963912,2.0069444444444446,3.888888888888889,1.930555555555556,758.5138888888889,1985.5902777777776,21108.33333333333,3597.222222222222,2017,-31.789,115.739,WA,6025
178,KARAWARA,672787.8588235294,704250.0,38408322563.95628,195980.41372534216,15031.011582716008,1.8294117647058823,3.8294117647058825,1.911764705882353,620.964705882353,1993.6764705882356,6582.35294117647,2475.294117647059,2011,-32.0095347,115.8806461,WA,6152
179,KARDINYA,667850.671641791,650000.0,35397745242.34509,188142.88517598822,22985.311741542617,2.0,3.8656716417910446,2.149253731343284,707.6417910447761,1988.2238805970148,13186.567164179103,3332.8358208955224,2018,-32.0687062,115.8148921,WA,6163
180,KARNUP,668196.9545454546,695000.0,131889145781.36717,363165.4523510836,44702.577002078695,1.9848484848484849,3.8181818181818175,2.787878787878788,13890.727272727272,2004.090909090909,52665.15151515151,9260.60606060606,2014,-32.4250674,115.7930198,WA,6176
181,KARRAGULLEN,471761.36363636365,341500.0,90837110332.98094,301391.9546586819,45436.54674702977,1.681818181818182,3.727272727272727,1.6363636363636365,25005.86363636364,1989.0,28895.454545454544,9256.818181818182,2007,-32.1003757,116.1168079,WA,6111
182,KARRINYUP,959109.9137931034,919000.0,76649116618.25337,276855.7686201488,25705.41279009308,1.9655172413793105,3.560344827586207,1.9482758620689653,619.5258620689655,1988.9310344827584,11515.51724137931,2962.9310344827586,2018,-31.8739029,115.7708104,WA,6018
183,KARRINYUP,959109.9137931034,919000.0,76649116618.25337,276855.7686201488,25705.41279009308,1.9655172413793105,3.560344827586207,1.9482758620689653,619.5258620689655,1988.9310344827584,11515.51724137931,2962.9310344827586,2018,-31.8739029,115.7708104,WA,6921
184,KELMSCOTT,371619.4690265487,335000.0,25905112831.8584,160950.65340612445,15140.963843911677,1.6283185840707963,3.47787610619469,2.0442477876106198,2058.380530973451,1984.58407079646,24045.132743362832,1069.2477876106195,2018,-32.1144179,116.0148177,WA,6111
185,KELMSCOTT,371619.4690265487,335000.0,25905112831.8584,160950.65340612445,15140.963843911677,1.6283185840707963,3.47787610619469,2.0442477876106198,2058.380530973451,1984.58407079646,24045.132743362832,1069.2477876106195,2018,-32.1144,116.015,WA,6991
186,KENSINGTON,929288.2739726028,900000.0,49865524797.71755,223305.89960347567,18480.927747148566,1.7876712328767124,3.404109589041096,2.1232876712328768,615.5068493150685,1958.280821917808,4076.027397260274,2793.8356164383563,2016,-31.9830523,115.8829593,WA,6151
187,KENWICK,397629.5133333333,385000.0,31146318828.144123,176483.1970136084,14409.792695280554,1.6,3.613333333333333,2.026666666666667,983.9266666666666,1989.7133333333331,14919.333333333334,1307.9466666666667,2016,-32.0331924,115.9821613,WA,6107
188,KEWDALE,515815.29411764705,505000.0,20015059168.06723,141474.5884180874,15345.073617620827,1.623529411764706,3.376470588235294,1.811764705882353,667.3294117647059,1990.8,7502.35294117647,2581.176470588235,2017,-31.9797348,115.9596253,WA,6105
189,KEYSBROOK,772777.7777777778,650000.0,452356944444.44446,672574.8615912168,224191.62053040558,1.6666666666666667,3.333333333333333,2.111111111111111,105824.11111111112,1964.888888888889,58011.11111111111,32400.0,2010,-32.4363721,116.0295671,WA,6126
190,KIARA,428285.71428571426,425000.0,7929167808.21918,89045.8747400416,7344.379964484103,1.6666666666666667,3.6666666666666665,2.095238095238096,636.8095238095239,1993.3537414965983,10817.00680272109,2831.9727891156463,2013,-31.8843886,115.9380878,WA,6054
191,KINGSLEY,583094.1176470588,575000.0,9998604131.65267,99993.0204146903,10845.7658486145,1.811764705882353,3.8705882352941177,1.9176470588235293,696.0588235294117,1985.5058823529407,16852.941176470587,1528.2117647058824,2019,-31.8115417,115.8043918,WA,6026
192,KINROSS,500355.1724137931,490000.0,4455138601.532568,66746.82465505433,5543.022082192429,2.0068965517241377,3.9931034482758623,2.0,626.3862068965517,1995.6896551724135,28533.793103448275,1545.2206896551725,2018,-31.7214518,115.7413155,WA,6028
193,KOONDOOLA,385320.11188811186,400000.0,3866777158.3395057,62183.4154605511,5200.0384333837255,1.0909090909090908,3.2587412587412588,1.86013986013986,723.7482517482517,1978.7552447552448,12220.27972027972,6232.867132867133,2015,-31.8412583,115.8628244,WA,6064
194,KOONGAMIA,283795.3021582734,310000.0,8221704324.792095,90673.61427004052,7690.835583792021,1.1151079136690647,2.79136690647482,1.330935251798561,738.2877697841726,1968.611510791367,18060.43165467626,4287.769784172662,2010,-31.9062572,116.040491,WA,6056
195,KWINANA BEACH,170000.0,170000.0,,,,1.0,3.0,2.0,92333.0,1970.0,33400.0,3300.0,1989,-32.2260862,115.7763846,WA,6167
196,KWINANA TOWN CENTRE,185598.32352941178,156488.5,3822306403.983066,61824.80411601048,10602.866432608553,1.7647058823529411,3.0,1.0588235294117647,203.7941176470588,2014.970588235294,32558.82352941177,2405.8823529411766,2013,-32.2476388,115.8135235,WA,6167
197,LANDSDALE,551263.2848101265,549500.0,8859704965.733646,94126.00578869607,7488.262953556409,2.0,4.018987341772152,1.8924050632911396,563.867088607595,2005.018987341772,16000.0,7674.050632911392,2019,-31.8042706,115.86174,WA,6065
198,LANGFORD,409908.45070422534,415000.0,6425049857.157137,80156.40870920513,6726.576393677533,1.5,3.507042253521127,1.8098591549295773,646.9929577464789,1987.8028169014085,12501.408450704226,1468.1408450704223,2016,-32.0397928,115.9484249,WA,6147
199,LATHLAIN,726986.1111111111,692500.0,49227577269.170586,221872.88538523717,26147.970302887807,1.625,3.3472222222222223,2.5416666666666665,628.4027777777778,1977.736111111111,4804.166666666667,591.8611111111111,2016,-31.967897,115.9081062,WA,6100
200,LEDA,337275.15,340000.0,3548426728.3822803,59568.672373843285,6659.980037866367,1.8,3.7625,1.9,597.75,2000.55,35061.25,1087.925,2015,-32.271548,115.8018223,WA,6170
201,LEEDERVILLE,859113.6363636364,852500.0,85685807900.4329,292721.3827181624,62408.40848811702,1.818181818181818,3.0,1.8636363636363635,402.0,1978.2272727272727,2945.454545454545,995.7272727272727,2017,-31.9319556,115.84128,WA,6007
202,LEEDERVILLE,859113.6363636364,852500.0,85685807900.4329,292721.3827181624,62408.40848811702,1.818181818181818,3.0,1.8636363636363635,402.0,1978.2272727272727,2945.454545454545,995.7272727272727,2017,-31.932,115.841,WA,6900
203,LEEDERVILLE,859113.6363636364,852500.0,85685807900.4329,292721.3827181624,62408.40848811702,1.818181818181818,3.0,1.8636363636363635,402.0,1978.2272727272727,2945.454545454545,995.7272727272727,2017,-31.932,115.841,WA,6902
204,LEEDERVILLE,859113.6363636364,852500.0,85685807900.4329,292721.3827181624,62408.40848811702,1.818181818181818,3.0,1.8636363636363635,402.0,1978.2272727272727,2945.454545454545,995.7272727272727,2017,-31.932,115.841,WA,6903
205,LEEMING,711187.3786407767,720000.0,15501548760.70817,124505.21579720333,12267.86344091479,2.0194174757281558,4.029126213592233,2.1650485436893203,721.9320388349514,1987.495145631068,13618.446601941749,1897.7475728155337,2018,-32.0796241,115.8656562,WA,6149
206,LESMURDIE,671163.8655462185,660000.0,33630877581.541096,183387.2339655656,16811.080175039493,1.815126050420168,3.983193277310925,2.672268907563025,1703.7731092436975,1978.6470588235293,19175.63025210084,8589.915966386554,2017,-32.0131773,116.0381059,WA,6076
207,LOCKRIDGE,354943.00662251655,365000.0,6494835399.673287,80590.54162662817,6558.365266186671,1.3311258278145697,3.2317880794701987,1.8344370860927155,644.7880794701987,1981.814569536424,11608.60927152318,2176.158940397351,2015,-31.8818885,115.9498271,WA,6054
208,LYNWOOD,428731.4285714286,435000.0,6104581406.593406,78131.82070445694,7624.884952508125,1.4095238095238096,3.3142857142857145,1.9047619047619049,820.7142857142857,1981.4857142857145,11750.47619047619,2468.5714285714284,2016,-32.0402295,115.9320611,WA,6147
209,MADDINGTON,344360.4651162791,322000.0,24787850889.192883,157441.57928956658,16977.362112323,1.4883720930232558,3.441860465116279,1.7325581395348837,945.593023255814,1988.953488372093,17256.976744186046,1727.5697674418604,2018,-32.0502858,115.9844929,WA,6109
210,MADDINGTON,344360.4651162791,322000.0,24787850889.192883,157441.57928956658,16977.362112323,1.4883720930232558,3.441860465116279,1.7325581395348837,945.593023255814,1988.953488372093,17256.976744186046,1727.5697674418604,2018,-32.0502858,115.9844929,WA,6989
211,MADELEY,588321.9030303031,600000.0,13366218618.527119,115612.36360583206,9000.410299915833,2.036363636363636,3.806060606060606,2.16969696969697,588.4787878787879,2006.0545454545452,16272.121212121212,4181.212121212121,2018,-31.8132043,115.8275892,WA,6065
212,MAHOGANY CREEK,454509.44881889765,470000.0,64415253402.07473,253801.60244189698,22521.250402705795,1.748031496062992,3.52755905511811,1.748031496062992,6179.188976377953,1982.283464566929,26608.661417322837,12795.27559055118,2007,-31.9142343,116.1329888,WA,6072
213,MAIDA VALE,589742.7777777778,520000.0,51404524472.687775,226725.65905227352,16899.132862810802,1.9166666666666667,3.911111111111111,2.611111111111111,2024.4222222222224,1993.0944444444444,15280.0,7178.888888888889,2017,-31.9530067,116.0241739,WA,6057
214,MANNING,839030.2185430464,825000.0,42530207280.54529,206228.53168401623,16782.639895377477,1.9271523178807948,3.642384105960265,2.0596026490066226,620.4966887417219,1992.9735099337747,6903.311258278146,1416.23178807947,2017,-32.011671,115.8688603,WA,6152
215,MARANGAROO,415592.4369747899,412500.0,5604427823.671841,74862.72653111053,6862.654889450302,1.6890756302521008,3.73109243697479,1.92436974789916,832.1512605042017,1992.1764705882356,14069.747899159664,4950.420168067227,2018,-31.8278073,115.841335,WA,6064
216,MARDELLA,538267.7049180327,542000.0,114610682574.64482,338541.99528957234,43345.86080313401,1.819672131147541,4.032786885245901,2.098360655737705,32698.016393442624,1997.672131147541,41386.88524590164,16980.32786885246,2008,-32.3342254,115.9648863,WA,6125
217,MARIGINIUP,699627.094017094,675000.0,275119075594.93085,524517.9459226641,48491.70125449265,2.068376068376069,4.153846153846154,2.2564102564102564,18622.017094017094,1992.837606837607,27517.94871794872,9071.794871794871,2005,-31.7069105,115.8504592,WA,6065
218,MARIGINIUP,699627.094017094,675000.0,275119075594.93085,524517.9459226641,48491.70125449265,2.068376068376069,4.153846153846154,2.2564102564102564,18622.017094017094,1992.837606837607,27517.94871794872,9071.794871794871,2005,-31.7069,115.85,WA,6078
219,MARMION,1014024.8226950355,900000.0,131635733308.00398,362816.3906275514,30554.6520361413,2.120567375886525,3.851063829787234,2.2624113475177303,830.8794326241135,1988.3758865248224,15654.609929078017,3721.276595744681,2014,-31.8431646,115.7576233,WA,6020
220,MARTIN,578074.3243243244,492500.0,131941066318.03032,363236.92862652376,42225.4352573906,1.648648648648649,3.689189189189189,2.216216216216216,7086.148648648648,1985.2567567567569,20083.783783783783,1627.972972972973,2013,-32.0789071,116.0621898,WA,6110
221,MAYLANDS,739668.9230769231,675000.0,109951381087.88458,331589.1751669294,41128.57533448464,1.7538461538461538,3.1384615384615384,1.6,637.5846153846154,1984.292307692308,4486.723076923077,1124.2615384615383,2019,-31.938255,115.9024493,WA,6051
222,MAYLANDS,739668.9230769231,675000.0,109951381087.88458,331589.1751669294,41128.57533448464,1.7538461538461538,3.1384615384615384,1.6,637.5846153846154,1984.292307692308,4486.723076923077,1124.2615384615383,2019,-31.9286,115.892,WA,6931
223,MEDINA,271981.13445378153,269000.0,3968359255.6936336,62994.91452247263,5774.73434631713,1.1764705882352942,2.9411764705882355,1.546218487394958,762.8319327731092,1962.504201680672,31792.436974789915,3428.5714285714284,2015,-32.2362727,115.8053718,WA,6167
224,MELVILLE,795250.0,767500.0,45381253571.42856,213028.7623102302,20691.182510739258,1.69811320754717,3.4056603773584904,1.9433962264150944,638.8679245283018,1982.5754716981128,11207.547169811322,4733.962264150943,2018,-32.0414618,115.8034715,WA,6156
225,MELVILLE,795250.0,767500.0,45381253571.42856,213028.7623102302,20691.182510739258,1.69811320754717,3.4056603773584904,1.9433962264150944,638.8679245283018,1982.5754716981128,11207.547169811322,4733.962264150943,2018,-32.0414618,115.8034715,WA,6956
226,MENORA,1172634.8484848484,1100000.0,150357698549.5196,387759.8464894471,30187.06310802688,1.8,3.5636363636363635,2.0484848484848484,820.030303030303,1960.1272727272728,3656.363636363637,3124.242424242424,2012,-31.9231622,115.8608222,WA,6050
227,MERRIWA,333189.2718446602,338000.0,3382974538.4915934,58163.34359793626,4052.4321706269197,1.8398058252427183,3.7475728155339807,2.3446601941747574,580.9514563106796,1998.5970873786407,35000.48543689321,3194.660194174757,2017,-31.6673101,115.7127407,WA,6030
228,MIDDLE SWAN,410416.89864864864,388000.0,20807883788.69034,144249.3805487231,11857.226040817592,1.5608108108108107,3.4121621621621623,1.7094594594594594,2231.425675675676,1987.391891891892,17700.0,2945.945945945946,2014,-31.8723346,116.0173525,WA,6056
229,MIDLAND,423032.7868852459,350000.0,63671190573.77047,252331.50927652788,32307.73915652523,1.5081967213114753,2.950819672131148,1.6885245901639343,1064.4426229508197,1977.016393442623,16372.131147540984,1472.573770491803,2016,-31.8917642,116.0134587,WA,6056
230,MIDVALE,357054.61616161617,365000.0,7317070170.810352,85539.87474161014,8597.08088278545,1.2727272727272727,3.101010101010101,1.606060606060606,872.1717171717172,1976.7777777777776,17169.696969696968,2267.676767676768,2014,-31.8860343,116.0283186,WA,6056
231,MILLENDON,694513.8888888889,766000.0,148015135515.873,384727.35218057083,64121.22536342847,1.8333333333333333,3.8333333333333335,2.1944444444444446,28231.027777777777,1982.861111111111,23269.444444444445,9794.444444444443,2007,-31.8073045,116.0285054,WA,6056
232,MINDARIE,725433.4928229665,685000.0,54213006661.299194,232836.86705781624,16105.662866515386,2.167464114832536,4.033492822966507,1.9665071770334928,644.1196172248804,2000.11004784689,32870.33492822966,3037.799043062201,2018,-31.6900771,115.7060487,WA,6030
233,MIRRABOOKA,399135.41007194243,415000.0,9058440202.504543,95175.83833360515,8072.7092447574505,1.410071942446043,3.5899280575539567,1.7050359712230216,670.4604316546763,1989.640287769784,10631.654676258991,6882.014388489209,2016,-31.8662015,115.8662538,WA,6061
234,MIRRABOOKA,399135.41007194243,415000.0,9058440202.504543,95175.83833360515,8072.7092447574505,1.410071942446043,3.5899280575539567,1.7050359712230216,670.4604316546763,1989.640287769784,10631.654676258991,6882.014388489209,2016,-31.8662015,115.8662538,WA,6941
235,MORLEY,462455.22388059704,455000.0,12412391904.115782,111410.91465433619,13611.009538547994,1.417910447761194,3.194029850746269,1.671641791044776,765.4029850746268,1982.7313432835824,8552.23880597015,3798.507462686567,2019,-31.8889571,115.9181651,WA,6062
236,MORLEY,462455.22388059704,455000.0,12412391904.115782,111410.91465433619,13611.009538547994,1.417910447761194,3.194029850746269,1.671641791044776,765.4029850746268,1982.7313432835824,8552.23880597015,3798.507462686567,2019,-31.8889571,115.9181651,WA,6943
237,MOSMAN PARK,1398858.9108910891,1317500.0,202966193019.80206,450517.6944580557,44828.18608334262,1.9405940594059403,3.603960396039604,1.811881188118812,592.4455445544554,1975.7029702970297,11352.475247524751,979.1089108910892,2018,-32.0135412,115.7634366,WA,6012
238,MOSMAN PARK,1398858.9108910891,1317500.0,202966193019.80206,450517.6944580557,44828.18608334262,1.9405940594059403,3.603960396039604,1.811881188118812,592.4455445544554,1975.7029702970297,11352.475247524751,979.1089108910892,2018,-32.0150977,115.766391,WA,6912
239,MOUNT CLAREMONT,1279029.725925926,1232000.0,119981181782.67798,346382.9986917343,29811.901896499385,2.096296296296296,3.688888888888889,2.05925925925926,830.8518518518518,1991.7407407407409,7344.444444444444,1347.3333333333333,2017,-31.9637267,115.7837568,WA,6010
240,MOUNT HAWTHORN,993565.4672897196,935000.0,70322569400.25127,265184.02930842433,25636.307744460846,1.644859813084112,3.1682242990654204,1.7570093457943925,487.018691588785,1956.588785046729,4220.560747663551,1400.588785046729,2018,-31.9195792,115.8355846,WA,6016
241,MOUNT HAWTHORN,993565.4672897196,935000.0,70322569400.25127,265184.02930842433,25636.307744460846,1.644859813084112,3.1682242990654204,1.7570093457943925,487.018691588785,1956.588785046729,4220.560747663551,1400.588785046729,2018,-31.9195792,115.8355846,WA,6915
242,MOUNT HELENA,560949.0445859872,535000.0,21206692899.72235,145625.17948391463,11622.154579435572,1.6687898089171975,3.732484076433121,2.5477707006369426,10337.649681528665,1988.006369426752,34403.82165605095,19901.91082802548,2015,-31.8780386,116.2105782,WA,6082
243,MOUNT LAWLEY,1048551.282051282,950000.0,163082490842.49078,403834.73209035746,45725.27927358473,1.6282051282051282,3.230769230769231,1.8461538461538465,681.2435897435897,1954.0,2882.051282051282,946.3846153846154,2019,-31.9320594,115.8741149,WA,6050
244,MOUNT LAWLEY,1048551.282051282,950000.0,163082490842.49078,403834.73209035746,45725.27927358473,1.6282051282051282,3.230769230769231,1.8461538461538465,681.2435897435897,1954.0,2882.051282051282,946.3846153846154,2019,-31.9320594,115.8741149,WA,6929
245,MOUNT NASURA,479858.14814814815,455000.0,16384614793.186852,128002.40151335775,11016.692651906436,1.6814814814814816,3.562962962962963,2.355555555555556,1372.1925925925923,1982.562962962963,25945.185185185182,1358.2740740740742,2015,-32.1401592,116.0257044,WA,6112
246,MOUNT PLEASANT,1209374.611111111,1178750.0,171521152415.86588,414151.12267850473,39851.71036060341,2.185185185185185,3.768518518518519,1.953703703703704,554.3703703703703,1990.2314814814813,8569.444444444445,1558.3148148148148,2018,-32.0248016,115.8484937,WA,6153
247,MOUNT RICHON,530459.3129770992,519000.0,17531315143.37054,132405.87276767803,11568.354816286554,1.8854961832061068,3.8091603053435112,2.442748091603053,1809.2900763358775,1988.63358778626,27688.54961832061,1141.1145038167938,2014,-32.1599589,116.0206116,WA,6112
248,MULLALOO,741376.8656716418,705000.0,42652580588.59834,206525.01201694275,17841.043697424782,1.9477611940298507,3.82089552238806,1.9701492537313432,745.5671641791045,1985.8880597014925,22152.238805970148,3330.597014925373,2017,-31.7803535,115.7438482,WA,6027
249,MUNDARING,652875.674074074,630000.0,46078750935.5945,214659.61645263995,18474.95821387436,1.8592592592592592,3.740740740740741,2.4296296296296296,4799.214814814814,1989.0592592592595,29673.33333333333,15736.296296296296,2016,-31.9256022,116.165484,WA,6073
250,MUNDIJONG,395887.12,385000.0,22032701107.767735,148434.1642202621,13276.355255194923,1.536,3.368,1.784,4376.648,1985.824,39477.6,15404.0,2011,-32.2995985,115.9845718,WA,6123
251,MUNSTER,1030000.0,1030000.0,,,,1.0,4.0,2.0,20000.0,1980.0,22500.0,5300.0,2020,-32.1509366,115.8113086,WA,6166
252,MURDOCH,710713.3461538461,725000.0,24771549639.024643,157389.80157248004,15433.339797280234,2.048076923076923,3.942307692307693,2.0384615384615383,710.8269230769231,1990.2788461538464,12407.692307692309,1722.923076923077,2013,-32.0699,115.8425954,WA,6150
253,MYAREE,684020.618556701,685000.0,38867411028.78004,197148.1956011265,20017.366436661643,1.5463917525773196,3.237113402061856,1.8350515463917525,1281.701030927835,1985.1546391752577,10574.226804123711,3836.082474226804,2016,-32.0399796,115.8156494,WA,6154
254,NAVAL BASE,1408000.0,1408000.0,,,,1.0,3.0,0.0,2614.0,2002.0,28500.0,6400.0,2013,-32.1987547,115.7823791,WA,6165
255,NEDLANDS,1647441.826923077,1667500.0,172155503015.07645,414916.26024425274,40685.886682545904,2.0288461538461537,3.692307692307693,2.3173076923076925,819.5961538461538,1956.0865384615383,6021.153846153846,1848.1442307692307,2018,-31.979149,115.8037341,WA,6009
256,NEDLANDS,1647441.826923077,1667500.0,172155503015.07645,414916.26024425274,40685.886682545904,2.0288461538461537,3.692307692307693,2.3173076923076925,819.5961538461538,1956.0865384615383,6021.153846153846,1848.1442307692307,2018,-31.9791,115.804,WA,6907
257,NEDLANDS,1647441.826923077,1667500.0,172155503015.07645,414916.26024425274,40685.886682545904,2.0288461538461537,3.692307692307693,2.3173076923076925,819.5961538461538,1956.0865384615383,6021.153846153846,1848.1442307692307,2018,-31.9791,115.804,WA,6909
258,NEERABUP,773500.0,732500.0,215955142857.14285,464709.740437128,164299.70437326678,2.0,3.5,1.875,29769.25,1989.875,31675.0,1925.0,2006,-31.6922619,115.7608745,WA,6031
259,NOLLAMARA,352064.10256410256,320000.0,5582265519.5681505,74714.56029160682,11963.904601853872,1.6666666666666667,2.9743589743589745,1.641025641025641,508.2307692307692,1999.6666666666667,8176.923076923077,4043.589743589744,2019,-31.8805717,115.8472254,WA,6061
260,NORANDA,582302.8846153846,587500.0,12969827273.151619,113885.14948469629,11167.357683286495,2.019230769230769,3.9711538461538463,2.4423076923076925,772.1057692307693,1986.0576923076924,9369.23076923077,5470.192307692308,2018,-31.8754476,115.8964691,WA,6062
261,NORTH BEACH,1038234.5360824743,910000.0,156347252362.54294,395407.70397469867,40147.56958949996,1.9381443298969072,3.422680412371134,1.9175257731958764,635.7835051546392,1988.041237113402,13813.40206185567,4058.762886597938,2016,-31.8611706,115.7582009,WA,6020
262,NORTH BEACH,1038234.5360824743,910000.0,156347252362.54294,395407.70397469867,40147.56958949996,1.9381443298969072,3.422680412371134,1.9175257731958764,635.7835051546392,1988.041237113402,13813.40206185567,4058.762886597938,2016,-31.8611706,115.7582009,WA,6920
263,NORTH COOGEE,1160017.0212765958,1130000.0,102798431008.32564,320621.9440530009,46767.5171433294,2.3617021276595747,3.8297872340425534,2.191489361702128,772.3191489361702,2007.340425531915,18376.59574468085,5038.297872340426,2017,-32.1025,115.763,WA,6163
264,NORTH FREMANTLE,1223992.957746479,1150000.0,204006217806.8411,451670.4748008675,53603.423504137856,1.943661971830986,3.126760563380281,1.7887323943661972,595.5352112676056,1981.112676056338,13154.929577464787,618.7042253521126,2017,-32.0353019,115.7486438,WA,6159
265,NORTH LAKE,626045.8015267176,625000.0,24190644039.929543,155533.41775943054,13589.017804277039,1.9694656488549616,3.931297709923664,1.6641221374045805,693.9312977099237,1991.3435114503816,14686.259541984731,2675.5725190839694,2011,-32.0789699,115.8218528,WA,6163
266,NORTH PERTH,849586.6666666666,828000.0,48844401171.17115,221007.69482344083,25519.770419858443,1.586666666666667,2.973333333333333,1.7866666666666666,424.53333333333336,1958.24,2826.6666666666665,1943.8266666666664,2019,-31.9273539,115.8551339,WA,6006
267,NORTH PERTH,849586.6666666666,828000.0,48844401171.17115,221007.69482344083,25519.770419858443,1.586666666666667,2.973333333333333,1.7866666666666666,424.53333333333336,1958.24,2826.6666666666665,1943.8266666666664,2019,-31.9273833,115.852472,WA,6906
268,NORTHBRIDGE,721636.3636363636,640000.0,78716454545.45454,280564.52830936154,84593.38817138162,1.7272727272727273,2.4545454545454546,1.3636363636363635,647.5454545454545,1972.0,1254.1818181818182,1175.1818181818182,2014,-31.9436266,115.8538427,WA,6003
269,NORTHBRIDGE,721636.3636363636,640000.0,78716454545.45454,280564.52830936154,84593.38817138162,1.7272727272727273,2.4545454545454546,1.3636363636363635,647.5454545454545,1972.0,1254.1818181818182,1175.1818181818182,2014,-31.9436,115.854,WA,6803
270,NORTHBRIDGE,721636.3636363636,640000.0,78716454545.45454,280564.52830936154,84593.38817138162,1.7272727272727273,2.4545454545454546,1.3636363636363635,647.5454545454545,1972.0,1254.1818181818182,1175.1818181818182,2014,-31.9436,115.854,WA,6865
271,O'CONNOR,501250.0,530000.0,9392214285.714285,96913.43707512537,34264.07427195846,1.625,3.0,2.75,574.25,1982.625,13750.0,4450.0,2013,-32.060241,115.793698,WA,6163
272,OAKFORD,835467.7419354839,860000.0,48741645687.23701,220775.10205464068,22893.311622984224,2.064516129032258,4.21505376344086,2.978494623655914,18297.13978494624,1995.4193548387095,29443.010752688173,8000.0,2015,-32.2043324,115.9241645,WA,6121
273,OCEAN REEF,794405.0458715596,750000.0,36218924904.85902,190312.70295190235,18228.650929881707,2.128440366972477,4.064220183486238,2.018348623853211,763.9357798165138,1991.8532110091744,24513.761467889908,3376.146788990826,2018,-31.7600517,115.7332807,WA,6027
274,OLDBURY,770338.1923076923,710000.0,299413487404.9615,547186.8852640399,107312.17713628444,1.8461538461538465,4.076923076923077,2.0,92374.26923076923,1990.692307692308,34692.307692307695,7215.384615384615,2007,-32.2544608,115.9070305,WA,6121
275,ORANGE GROVE,728402.1739130435,783750.0,150043595772.94684,387354.61243277695,57112.32178271067,2.0434782608695654,3.934782608695652,2.565217391304348,13770.673913043478,1981.9782608695648,17647.82608695652,3884.782608695652,2008,-32.0315515,116.0219405,WA,6109
276,ORELIA,313241.1379310345,318000.0,6566254523.800284,81032.42884055917,6729.376936778273,1.593103448275862,3.579310344827586,1.8,687.7379310344828,1988.8896551724135,31340.0,1829.7724137931036,2017,-32.2350267,115.8208189,WA,6167
277,OSBORNE PARK,499711.1111111111,482000.0,30456846464.64646,174518.9000213056,26015.741587075252,1.511111111111111,2.977777777777778,1.9555555555555555,811.9333333333333,1987.2444444444443,6517.777777777777,1491.2666666666669,2017,-31.9142574,115.8230694,WA,6017
278,OSBORNE PARK,499711.1111111111,482000.0,30456846464.64646,174518.9000213056,26015.741587075252,1.511111111111111,2.977777777777778,1.9555555555555555,811.9333333333333,1987.2444444444443,6517.777777777777,1491.2666666666669,2017,-31.9142574,115.8230694,WA,6916
279,OSBORNE PARK,499711.1111111111,482000.0,30456846464.64646,174518.9000213056,26015.741587075252,1.511111111111111,2.977777777777778,1.9555555555555555,811.9333333333333,1987.2444444444443,6517.777777777777,1491.2666666666669,2017,-31.9142574,115.8230694,WA,6917
280,PADBURY,546701.052631579,540000.0,8599120956.327002,92731.44534798863,9514.045548460392,1.4526315789473685,3.557894736842105,1.5473684210526315,731.1789473684211,1982.1894736842105,18555.78947368421,1566.8105263157895,2018,-31.8007703,115.7734455,WA,6025
281,PALMYRA,680308.1395348837,629500.0,41774912756.49793,204389.12093479422,22039.84572301181,1.5930232558139534,3.36046511627907,1.976744186046512,669.0348837209302,1982.5232558139533,12250.0,3668.604651162791,2019,-32.0458365,115.7847126,WA,6157
282,PALMYRA,680308.1395348837,629500.0,41774912756.49793,204389.12093479422,22039.84572301181,1.5930232558139534,3.36046511627907,1.976744186046512,669.0348837209302,1982.5232558139533,12250.0,3668.604651162791,2019,-32.0458,115.785,WA,6957
283,PARKERVILLE,624975.8503401361,590000.0,35830525457.3199,189289.52812377102,15612.33714529092,1.748299319727891,3.639455782312925,2.6258503401360542,8825.299319727892,1986.530612244898,27924.48979591837,13291.836734693878,2014,-31.8753082,116.1386395,WA,6081
284,PARKWOOD,476788.7155172414,470000.0,10655634251.561846,103226.13163129696,9584.30571099128,1.4655172413793105,3.5517241379310347,1.8103448275862069,807.3534482758621,1983.3103448275865,11741.379310344828,3626.7241379310335,2017,-32.0467714,115.9126767,WA,6147
285,PARMELIA,277053.0701754386,271000.0,3897735455.0923805,62431.8464815224,5847.278160544038,1.4210526315789471,3.5526315789473686,1.6228070175438596,691.640350877193,1985.4035087719296,32869.29824561404,1584.0701754385964,2017,-32.2500689,115.8256616,WA,6167
286,PEARSALL,488438.3561643836,482500.0,7726054794.520545,87897.97946779292,7274.488540379545,2.0136986301369864,3.664383561643836,2.1301369863013697,532.8835616438356,2004.335616438356,19335.616438356163,3904.109589041096,2017,-31.7801238,115.813642,WA,6065
287,PEPPERMINT GROVE,1793548.780487805,1965000.0,258631922560.97565,508558.67169971217,79423.52090041664,2.024390243902439,3.414634146341464,2.1219512195121952,1298.560975609756,1981.9024390243903,10402.439024390244,598.4634146341464,2013,-31.9979804,115.7676977,WA,6011
288,PIARA WATERS,518168.2242990654,500000.0,11095348792.10016,105334.46155983406,10183.066754386939,1.9813084112149533,3.766355140186916,2.177570093457944,498.8971962616823,2010.3738317757009,20673.83177570093,5882.242990654206,2018,-32.1247,115.918,WA,6112
289,PICKERING BROOK,640513.8888888889,572125.0,184900047589.8693,430000.0553370538,101351.98501314048,1.5555555555555556,3.7222222222222223,2.1666666666666665,23626.777777777777,1983.8333333333333,27394.444444444445,14222.222222222224,2008,-32.0501173,116.1958784,WA,6076
290,PORT KENNEDY,367967.20430107525,349000.0,7987975188.898576,89375.4730834952,6553.327640681594,1.9516129032258065,3.9086021505376345,2.075268817204301,645.9731182795699,1998.1935483870968,46442.47311827957,3970.967741935484,2019,-32.3760083,115.7516025,WA,6172
291,QUEENS PARK,471695.0,469000.0,9243226742.424238,96141.70137055116,9614.170137055116,1.88,3.61,1.87,525.23,1999.03,9991.0,965.09,2017,-32.0042449,115.9423037,WA,6107
292,QUINNS ROCKS,504741.987654321,477500.0,23011443140.38493,151695.23110627086,11918.302954322737,1.9259259259259256,3.808641975308642,1.9259259259259256,665.4876543209876,1996.3765432098764,35639.50617283951,3088.271604938272,2018,-31.6605175,115.6959328,WA,6030
293,REDCLIFFE,465941.72185430466,455000.0,6803399514.348782,82482.72252022712,6712.348763498483,1.7682119205298013,3.5364238410596025,1.900662251655629,580.8543046357615,1994.953642384106,8413.245033112582,4254.9668874172185,2016,-31.9381761,115.9435503,WA,6104
294,RIDGEWOOD,405097.311827957,400000.0,4258131614.3562927,65254.36088382364,4784.681883087492,2.005376344086021,3.817204301075269,2.043010752688172,529.0967741935484,2003.720430107527,34874.1935483871,3089.2473118279568,2016,-31.6592742,115.7211663,WA,6030
295,RIVERTON,667357.8842105264,630000.0,26840804328.03965,163831.6340882909,16808.77099613227,1.768421052631579,3.610526315789474,1.8421052631578947,609.5157894736842,1989.957894736842,9944.21052631579,3978.947368421053,2017,-32.0338297,115.8931741,WA,6148
296,RIVERVALE,592584.9206349206,585000.0,23929984970.558105,154693.19626460015,19489.51080142085,1.5714285714285714,3.3015873015873014,1.9047619047619049,736.7142857142857,1981.936507936508,5453.9682539682535,1506.3650793650793,2019,-31.9608819,115.9201904,WA,6103
297,ROCKINGHAM,430631.47191011236,381000.0,38387360125.774765,195926.92547420523,20768.212563882164,1.6292134831460674,3.550561797752809,1.7078651685393258,802.9662921348314,1991.1011235955057,39006.74157303371,2948.584269662921,2019,-32.2780954,115.7351403,WA,6168
298,ROCKINGHAM,430631.47191011236,381000.0,38387360125.774765,195926.92547420523,20768.212563882164,1.6292134831460674,3.550561797752809,1.7078651685393258,802.9662921348314,1991.1011235955057,39006.74157303371,2948.584269662921,2019,-32.2780954,115.7351403,WA,6968
299,ROLEYSTONE,605486.4406779661,580000.0,25859755028.248596,160809.68574140238,14803.731500574097,2.0,3.9322033898305087,2.9322033898305087,5500.177966101695,1989.906779661017,27480.508474576272,5900.847457627118,2017,-32.1257607,116.0615683,WA,6111
300,ROSSMOYNE,1171435.56302521,1150000.0,127898103793.02771,357628.4437695465,32783.74568980815,2.008403361344538,3.890756302521008,2.2857142857142856,784.453781512605,1981.747899159664,9689.0756302521,1633.7478991596638,2015,-32.0386354,115.8677123,WA,6148
301,SAFETY BAY,446946.07843137253,410000.0,21663435182.488846,147185.03722351958,14573.490296979828,1.7647058823529411,3.637254901960784,1.9411764705882355,761.3823529411765,1982.558823529412,40927.45098039216,3126.470588235294,2018,-32.3100675,115.7319024,WA,6169
302,SALTER POINT,1172450.0,1125000.0,112284981795.77469,335089.51310922083,28021.592797475223,2.111888111888112,3.769230769230769,2.2587412587412588,645.048951048951,1990.4125874125875,7876.923076923077,1818.6573426573427,2015,-32.0211363,115.8628207,WA,6152
303,SAMSON,567114.0,568000.0,9601314016.129036,97986.29504236313,8764.160663122982,1.728,3.68,1.976,843.072,1983.016,14343.2,4997.6,2013,-32.0722698,115.7995497,WA,6163
304,SAWYERS VALLEY,476987.6984126984,482000.0,45719360027.46033,213820.85966401952,19048.67616686269,1.7063492063492065,3.658730158730159,2.357142857142857,12217.873015873016,1984.9761904761904,33195.23809523809,19264.285714285717,2009,-31.9747933,116.2540856,WA,6074
305,SCARBOROUGH,726936.6885245901,702000.0,47695748642.251366,218393.56364657675,27962.43048673402,1.721311475409836,3.2295081967213117,1.8032786885245904,661.9344262295082,1988.131147540984,10482.393442622952,3433.0,2019,-31.8980316,115.7715973,WA,6019
306,SCARBOROUGH,726936.6885245901,702000.0,47695748642.251366,218393.56364657675,27962.43048673402,1.721311475409836,3.2295081967213117,1.8032786885245904,661.9344262295082,1988.131147540984,10482.393442622952,3433.0,2019,-31.8980316,115.7715973,WA,6922
307,SECRET HARBOUR,485088.83248730964,449000.0,21035146405.26262,145034.9833842257,10333.314711171573,2.0558375634517767,3.964467005076142,2.1319796954314723,648.6497461928934,2003.035532994924,51372.081218274114,8911.675126903554,2019,-32.4051251,115.7634366,WA,6173
308,SERPENTINE,650652.8925619834,640000.0,49877845179.06337,223333.48423168293,20303.044021062084,1.925619834710744,4.041322314049586,2.87603305785124,19169.99173553719,1993.5123966942149,47676.03305785124,21907.43801652893,2015,-32.3616954,115.9767794,WA,6125
309,SEVILLE GROVE,337000.0,341500.0,3974357142.857146,63042.50266968425,5754.966798960953,1.8083333333333331,3.783333333333333,1.9916666666666667,650.1666666666666,2000.0083333333332,23849.166666666668,2065.241666666667,2018,-32.1360031,115.9907343,WA,6112
310,SHELLEY,958238.0769230769,966000.0,97738561193.50957,312631.6701703613,38777.18623376172,1.9538461538461536,3.723076923076923,2.0,715.6,1984.676923076923,9064.615384615385,3356.923076923077,2016,-32.0278545,115.8895276,WA,6148
311,SHENTON PARK,1269592.303030303,1245000.0,136173146975.29497,369016.4589490487,37087.54956968426,1.8282828282828285,3.393939393939394,1.7676767676767675,439.6161616161616,1959.585858585859,4424.242424242424,692.2727272727273,2017,-31.9588145,115.8053226,WA,6008
312,SHOALWATER,479005.28301886795,444000.0,37237968863.25248,192971.41980939166,18743.041189987063,1.7924528301886793,3.5,2.1226415094339623,731.5471698113207,1989.9433962264152,40562.2641509434,4630.188679245283,2017,-32.2933662,115.7107698,WA,6169
313,SINAGRA,464718.83720930235,469500.0,6751203307.411938,82165.70639513749,6265.07637781351,2.0,3.761627906976744,2.011627906976744,1263.1162790697674,2005.9476744186047,24183.13953488372,3647.093023255814,2016,-31.7399535,115.8027687,WA,6065
314,SINGLETON,456052.2375,435000.0,12924281609.515564,113685.0104873794,8987.589224006195,1.88125,3.86875,2.06875,759.9,1997.0,55550.625,9366.875,2016,-32.4466752,115.754561,WA,6175
315,SORRENTO,1031235.5769230769,917500.0,118268747362.77072,343902.23518141126,33722.3886145806,2.0288461538461537,3.855769230769231,2.048076923076923,1332.4615384615386,1987.2403846153843,17011.53846153846,2969.230769230769,2018,-31.8254068,115.7527574,WA,6020
316,SOUTH FREMANTLE,1092535.4747474748,1080000.0,100354464130.68048,316787.7272412561,31838.364528748323,1.7777777777777777,3.242424242424242,1.9191919191919191,593.7676767676768,1966.858585858586,16312.121212121212,2110.10101010101,2016,-32.0677891,115.7525478,WA,6162
317,SOUTH GUILDFORD,542880.2197802198,502500.0,25655459275.089542,160173.21647232267,11872.828725751982,1.862637362637363,3.675824175824176,2.4285714285714284,663.2582417582418,1996.6483516483515,12626.252747252747,1563.6923076923076,2016,-31.9101748,115.9668664,WA,6055
318,SOUTH LAKE,439966.1644736842,442534.5,4982262366.151577,70585.14267288533,5725.211077556544,1.6513157894736843,3.664473684210526,1.5657894736842106,681.3552631578947,1991.125,17367.105263157893,2672.368421052632,2016,-32.1041036,115.8402587,WA,6164
319,SOUTH PERTH,1204364.5833333333,1170000.0,297753337655.14185,545667.7905604672,78760.36144204852,1.7291666666666667,3.208333333333333,1.75,1201.5833333333333,1970.8125,3441.6666666666665,3208.333333333333,2019,-31.9809515,115.8639168,WA,6151
320,SOUTH PERTH,1204364.5833333333,1170000.0,297753337655.14185,545667.7905604672,78760.36144204852,1.7291666666666667,3.208333333333333,1.75,1201.5833333333333,1970.8125,3441.6666666666665,3208.333333333333,2019,-31.9809515,115.8639168,WA,6951
321,SOUTHERN RIVER,574922.3007518797,560000.0,15692821459.181581,125270.99208987523,10862.372613330797,2.045112781954887,4.037593984962406,2.3909774436090228,609.4962406015038,2006.827067669173,18440.6015037594,5739.097744360903,2018,-32.1047229,115.9594374,WA,6110
322,SPEARWOOD,501019.48051948054,480000.0,15856009483.937115,125920.64756797082,14349.989585016861,1.7532467532467533,3.5064935064935066,1.948051948051948,731.7272727272727,1988.974025974026,18710.38961038961,6900.0,2018,-32.1025261,115.7826359,WA,6163
323,ST JAMES,552261.4942528736,537500.0,14221306552.392405,119253.11967572338,12785.276442285469,1.5057471264367817,3.2758620689655173,2.103448275862069,712.2413793103449,1979.367816091954,7162.068965517241,1417.551724137931,2017,-31.9961703,115.9143617,WA,6102
324,STIRLING,829876.6413793104,830000.0,53638612337.870575,231600.112991921,19233.342517594476,2.013793103448276,3.8482758620689657,2.2275862068965515,584.2413793103449,1998.7724137931036,8511.034482758621,1646.248275862069,2018,-31.886448,115.8098708,WA,6021
325,STONEVILLE,601000.0,560000.0,31501094202.89856,177485.4760336703,15054.121595073895,1.7553956834532374,3.7985611510791366,2.287769784172662,9780.273381294965,1988.1294964028775,30909.35251798561,16274.10071942446,2015,-31.8771055,116.1705079,WA,6081
326,STRATTON,345232.593220339,350500.0,2956140018.58359,54370.396527739154,4086.7292591013934,1.5480225988700564,3.5706214689265536,1.7005649717514124,516.8926553672317,1991.830508474576,19690.39548022599,4731.073446327684,2015,-31.8700818,116.0339382,WA,6056
327,SUBIACO,1271129.0615384616,1240000.0,168333399087.87125,410284.5343025633,50889.53331827543,1.8,3.1538461538461537,1.6,543.8153846153846,1962.446153846154,3492.3076923076924,582.0153846153846,2018,-31.9469931,115.8285548,WA,6008
328,SUBIACO,1271129.0615384616,1240000.0,168333399087.87125,410284.5343025633,50889.53331827543,1.8,3.1538461538461537,1.6,543.8153846153846,1962.446153846154,3492.3076923076924,582.0153846153846,2018,-31.9469931,115.8285548,WA,6904
329,SUCCESS,530258.7719298246,524250.0,6245642621.487345,79029.37821777003,7401.779433688679,2.017543859649123,3.929824561403509,2.017543859649123,582.4649122807018,2001.868421052632,21412.280701754386,2382.938596491228,2018,-32.1536587,115.8463549,WA,6164
330,SUCCESS,530258.7719298246,524250.0,6245642621.487345,79029.37821777003,7401.779433688679,2.017543859649123,3.929824561403509,2.017543859649123,582.4649122807018,2001.868421052632,21412.280701754386,2382.938596491228,2018,-32.1536587,115.8463549,WA,6964
331,SWAN VIEW,435246.05154639174,400000.0,17466491132.049397,132160.85325106446,13418.90155292553,1.618556701030928,3.525773195876289,1.855670103092784,989.8453608247422,1984.8556701030927,19524.74226804124,4692.783505154639,2017,-31.8858539,116.0522873,WA,6056
332,SWANBOURNE,1582618.08,1550000.0,171983045723.7032,414708.386367702,37092.64571029715,2.12,3.752,2.0,551.04,1984.592,8963.2,745.376,2016,-31.97106,115.7668042,WA,6010
333,TAPPING,488820.70707070705,490000.0,6213672741.6294985,78826.85292227198,5601.980503695577,2.0202020202020203,3.9292929292929295,2.055555555555556,587.7676767676768,2003.5353535353536,26568.68686868687,4346.969696969697,2018,-31.7172114,115.7952533,WA,6065
334,THE VINES,663317.8125,633750.0,37776313218.45519,194361.29557721925,15365.609575130591,2.1375,4.00625,2.54375,1755.375,2001.24375,25579.5125,14889.43125,2018,-31.7582783,116.0024569,WA,6069
335,THORNLIE,405826.7326732673,415000.0,7312917178.217832,85515.59611098921,8509.119847341099,1.693069306930693,3.613861386138614,1.9207920792079207,695.059405940594,1987.7920792079208,15350.49504950495,2161.762376237624,2018,-32.0570426,115.9527126,WA,6108
336,THORNLIE,405826.7326732673,415000.0,7312917178.217832,85515.59611098921,8509.119847341099,1.693069306930693,3.613861386138614,1.9207920792079207,695.059405940594,1987.7920792079208,15350.49504950495,2161.762376237624,2018,-32.057869,115.9633053,WA,6988
337,TREEBY,595000.0,595000.0,450000000.0,21213.203435596424,14999.999999999998,2.0,4.0,2.0,400.5,2006.0,19550.0,1600.0,2019,-32.1218,115.895,WA,6164
338,TRIGG,1220422.4852941176,1145000.0,164615571757.70343,405728.4458325586,34790.92720617642,1.911764705882353,3.610294117647059,2.044117647058824,744.6985294117648,1980.7573529411768,12944.85294117647,4644.85294117647,2016,-31.8736239,115.7604781,WA,6029
339,TUART HILL,533311.1111111111,495000.0,38449991919.191925,196086.69490608465,29230.878619551135,1.511111111111111,3.066666666666667,1.7777777777777777,673.6666666666666,1988.9777777777776,6275.555555555556,2140.0,2018,-31.8965657,115.8355162,WA,6060
340,TUART HILL,533311.1111111111,495000.0,38449991919.191925,196086.69490608465,29230.878619551135,1.511111111111111,3.066666666666667,1.7777777777777777,673.6666666666666,1988.9777777777776,6275.555555555556,2140.0,2018,-31.8965657,115.8355162,WA,6937
341,TUART HILL,533311.1111111111,495000.0,38449991919.191925,196086.69490608465,29230.878619551135,1.511111111111111,3.066666666666667,1.7777777777777777,673.6666666666666,1988.9777777777776,6275.555555555556,2140.0,2018,-31.8965657,115.8355162,WA,6938
342,TUART HILL,533311.1111111111,495000.0,38449991919.191925,196086.69490608465,29230.878619551135,1.511111111111111,3.066666666666667,1.7777777777777777,673.6666666666666,1988.9777777777776,6275.555555555556,2140.0,2018,-31.8965657,115.8355162,WA,6939
343,TUART HILL,533311.1111111111,495000.0,38449991919.191925,196086.69490608465,29230.878619551135,1.511111111111111,3.066666666666667,1.7777777777777777,673.6666666666666,1988.9777777777776,6275.555555555556,2140.0,2018,-31.8965657,115.8355162,WA,6940
344,TWO ROCKS,481004.1647058824,415000.0,36644712188.59161,191428.0862062608,20763.29119003667,1.7529411764705882,3.764705882352941,2.176470588235294,3118.8,1994.3294117647056,56401.17647058824,18248.235294117647,2017,-31.4847915,115.6273131,WA,6037
345,UPPER SWAN,638894.7631578947,562500.0,169226191923.21262,411371.1121642022,66733.20642741921,1.868421052631579,3.973684210526316,2.1578947368421053,23501.947368421053,1980.842105263158,25897.36842105263,13810.526315789471,2009,-31.7731085,116.0277687,WA,6069
346,VICTORIA PARK,688490.9090909091,662500.0,26201532323.232323,161868.8738554523,21826.394498085163,1.6363636363636365,3.1818181818181817,2.036363636363636,438.1454545454545,1973.4545454545453,4476.363636363636,1035.3454545454545,2018,-31.9750418,115.8977211,WA,6100
347,VICTORIA PARK,688490.9090909091,662500.0,26201532323.232323,161868.8738554523,21826.394498085163,1.6363636363636365,3.1818181818181817,2.036363636363636,438.1454545454545,1973.4545454545453,4476.363636363636,1035.3454545454545,2018,-31.9750418,115.8977211,WA,6979
348,VIVEASH,474043.8829787234,448500.0,26895654135.566795,163998.94553187466,16915.199678561414,1.648936170212766,3.478723404255319,1.7765957446808511,1889.7978723404256,1989.8191489361704,15601.063829787234,1466.372340425532,2012,-31.8759979,115.9988236,WA,6056
349,WAIKIKI,380884.05797101447,359500.0,16891114196.55136,129965.81933936077,11063.425248804253,1.7536231884057971,3.659420289855072,1.8768115942028984,640.9130434782609,1996.0072463768115,41640.57971014493,1765.7898550724638,2019,-32.3154566,115.7530195,WA,6169
350,WALLISTON,502423.6111111111,466000.0,99209673660.01567,314975.67153673264,37120.238875401716,1.5972222222222223,3.555555555555556,1.7083333333333333,2533.930555555556,1977.055555555556,20552.777777777777,10123.611111111111,2009,-31.9996083,116.0722425,WA,6076
351,WANDI,554953.6082474227,500000.0,53398484804.553246,231081.12169658786,23462.733074940563,1.9690721649484535,3.690721649484536,2.237113402061856,3752.608247422681,2005.7525773195875,26706.18556701031,5351.546391752578,2016,-32.1928515,115.8807112,WA,6167
352,WANGARA,1375000.0,1375000.0,,,,1.0,2.0,2.0,1320.0,2014.0,17600.0,5600.0,2015,-31.7915003,115.8281157,WA,6065
353,WANNEROO,525354.5611510791,450000.0,67947484655.53792,260667.38318312462,22109.518874457335,1.870503597122302,3.841726618705036,2.2158273381294964,1343.3453237410072,1992.5107913669065,21997.122302158277,3367.625899280576,2018,-31.7572961,115.8064758,WA,6065
354,WANNEROO,525354.5611510791,450000.0,67947484655.53792,260667.38318312462,22109.518874457335,1.870503597122302,3.841726618705036,2.2158273381294964,1343.3453237410072,1992.5107913669065,21997.122302158277,3367.625899280576,2018,-31.7572961,115.8064758,WA,6946
355,WARNBRO,381915.5779220779,325000.0,33809551022.415447,183873.73663037212,14816.96794579086,1.7857142857142858,3.7142857142857135,1.9675324675324677,817.0584415584416,1989.9935064935064,44010.38961038961,1814.922077922078,2018,-32.3367629,115.7594984,WA,6169
356,WARWICK,579425.776923077,580000.0,12614081994.748291,112312.4302770993,9850.451764239153,1.6615384615384616,3.646153846153846,1.8153846153846156,762.2923076923076,1979.6307692307687,13587.692307692309,1059.9846153846154,2016,-31.8421345,115.8128004,WA,6024
357,WATERFORD,1042488.2966101695,1045000.0,90919823625.5951,301529.1422492942,27758.007491135322,2.330508474576271,4.296610169491525,1.8983050847457628,696.5762711864406,1997.21186440678,7535.593220338983,3087.2881355932204,2014,-32.0144555,115.8896583,WA,6152
358,WATERMANS BAY,1170766.6666666667,1125000.0,208919813965.51736,457077.4704199687,42256.82708868133,1.871794871794872,3.427350427350427,1.8376068376068373,796.7179487179487,1988.555555555556,15039.31623931624,3920.51282051282,2014,-31.8496,115.755,WA,6020
359,WATTLE GROVE,544569.3510638297,530000.0,19409112464.41087,139316.59077227977,10160.706664257123,2.00531914893617,3.893617021276596,2.132978723404255,758.4255319148937,2004.835106382979,13364.36170212766,5215.95744680851,2017,-32.008154,115.9970025,WA,6107
360,WATTLEUP,709246.0,690000.0,145328397836.0,381219.6189022805,83188.9409534247,1.6666666666666667,3.619047619047619,1.6666666666666667,13208.952380952382,1980.952380952381,24580.95238095238,6576.190476190476,2009,-32.1771063,115.8031196,WA,6166
361,WELLARD,454203.0,405000.0,29712165996.77778,172372.17291888437,18069.5135143675,2.010989010989011,3.78021978021978,2.6923076923076925,3751.835164835165,2004.571428571429,34848.35164835165,2018.56043956044,2018,-32.2632658,115.8629069,WA,6170
362,WELSHPOOL,465000.0,465000.0,,,,2.0,4.0,0.0,655.0,1970.0,7300.0,467.0,2012,-31.991505,115.9497562,WA,6106
363,WEMBLEY,1093500.0,1080000.0,98427730769.23076,313731.94094518136,38617.73237878234,1.7727272727272727,3.333333333333333,1.7878787878787878,621.4848484848485,1969.6818181818185,4666.666666666667,1624.2727272727273,2019,-31.9343,115.82,WA,6014
364,WEMBLEY,1093500.0,1080000.0,98427730769.23076,313731.94094518136,38617.73237878234,1.7727272727272727,3.333333333333333,1.7878787878787878,621.4848484848485,1969.6818181818185,4666.666666666667,1624.2727272727273,2019,-31.9343,115.82,WA,6913
365,WEMBLEY DOWNS,1083927.5726495727,1105000.0,94032959645.48824,306647.9408792569,28349.61216296437,2.102564102564102,3.726495726495727,2.0085470085470085,658.9230769230769,1987.692307692308,9029.91452991453,4300.854700854701,2017,-31.9133658,115.7727457,WA,6019
366,WEST LEEDERVILLE,1273288.4615384615,1227500.0,164373470904.09592,405429.9827394317,45905.90584094983,1.8461538461538465,3.3076923076923075,1.8333333333333333,416.96153846153845,1965.0128205128208,2894.871794871795,504.3205128205128,2017,-31.9406909,115.8316845,WA,6007
367,WEST LEEDERVILLE,1273288.4615384615,1227500.0,164373470904.09592,405429.9827394317,45905.90584094983,1.8461538461538465,3.3076923076923075,1.8333333333333333,416.96153846153845,1965.0128205128208,2894.871794871795,504.3205128205128,2017,-31.9406909,115.8316845,WA,6901
368,WEST PERTH,681065.2173913043,608000.0,170939688735.17786,413448.532147809,86209.97842355804,1.4782608695652173,2.391304347826087,1.173913043478261,850.2608695652174,1981.6521739130435,1613.0434782608695,732.1304347826087,2018,-31.9453285,115.8474335,WA,6005
369,WEST PERTH,681065.2173913043,608000.0,170939688735.17786,413448.532147809,86209.97842355804,1.4782608695652173,2.391304347826087,1.173913043478261,850.2608695652174,1981.6521739130435,1613.0434782608695,732.1304347826087,2018,-31.9453285,115.8474335,WA,6872
370,WEST SWAN,773535.7142857143,728000.0,184800236498.25787,429883.980276374,66332.53825168234,1.880952380952381,4.047619047619048,2.6666666666666665,14329.309523809525,1982.809523809524,16795.238095238095,4742.857142857143,2008,-31.8460686,115.9889019,WA,6055
371,WESTMINSTER,367070.0,362500.0,9855234795.918364,99273.53522423972,14039.397989884299,1.56,3.12,1.94,659.86,1991.68,9632.0,4396.0,2018,-31.8664257,115.8407834,WA,6061
372,WHITBY,437500.0,435000.0,91666666.66666667,9574.27107756338,4787.13553878169,2.0,3.75,2.0,483.0,1965.75,38925.0,14300.0,2017,-32.2826704,115.9964649,WA,6123
373,WHITE GUM VALLEY,754035.3434343435,750000.0,28431731983.003292,168617.11651847002,16946.65784010311,1.676767676767677,3.414141414141414,2.212121212121212,611.4646464646464,1977.9292929292928,14716.161616161617,2536.3636363636365,2016,-32.0613542,115.7682039,WA,6162
374,WILLAGEE,578239.4736842106,560000.0,14037825685.890244,118481.3305373055,12155.928025752115,1.6421052631578947,3.294736842105263,1.873684210526316,598.5578947368421,1985.042105263158,12249.473684210529,4570.526315789473,2018,-32.0524713,115.8022559,WA,6156
375,WILLETTON,708481.7704918033,680000.0,20116741004.546448,141833.49746990818,18159.91848601734,1.7049180327868851,3.672131147540984,1.6885245901639343,736.7868852459017,1983.0983606557377,11788.524590163934,3429.5081967213114,2019,-32.0487802,115.8921493,WA,6155
376,WILLETTON,708481.7704918033,680000.0,20116741004.546448,141833.49746990818,18159.91848601734,1.7049180327868851,3.672131147540984,1.6885245901639343,736.7868852459017,1983.0983606557377,11788.524590163934,3429.5081967213114,2019,-32.0488,115.892,WA,6955
377,WILSON,576334.0,565000.0,19588421389.894733,139958.64171209556,15949.767490018337,1.7142857142857142,3.415584415584416,1.6103896103896105,686.8701298701299,1987.9610389610389,9050.64935064935,2958.4415584415583,2017,-32.0196984,115.9116119,WA,6107
378,WINTHROP,921266.7228915662,855000.0,66690115345.51983,258244.2939263515,28345.993819386058,2.1927710843373496,4.265060240963855,2.072289156626506,746.6385542168674,1988.7590361445784,11554.21686746988,2654.21686746988,2016,-32.0517894,115.8297179,WA,6150
379,WOODBRIDGE,600547.6134453781,583000.0,44791552709.98489,211640.1490974359,19401.020658844605,1.6554621848739497,3.2521008403361344,1.907563025210084,712.0252100840336,1975.571428571429,14546.218487394955,349.1344537815126,2012,-31.891243,115.9928975,WA,6056
380,WOODLANDS,1094152.505263158,1140000.0,115654657334.55049,340080.36893438955,34891.509649581625,1.9789473684210528,3.673684210526316,2.221052631578947,672.7789473684211,1986.368421052632,8103.157894736842,2085.2631578947367,2016,-31.9089392,115.7925911,WA,6018
381,WOODVALE,645354.9292929292,640000.0,11456330383.045969,107034.24864521621,10757.346741629939,1.9696969696969695,3.909090909090909,1.878787878787879,676.070707070707,1992.121212121212,19164.646464646463,1395.080808080808,2018,-31.7945139,115.796097,WA,6026
382,WOOROLOO,435352.9411764706,385500.0,44602272941.17647,211192.50209507075,29572.86545797713,1.6274509803921569,3.843137254901961,2.1372549019607843,25639.33333333333,1979.4117647058824,45864.705882352944,30943.13725490196,2011,-31.8029829,116.3131356,WA,6558
383,WUNGONG,664118.5,672685.0,44685544002.894745,211389.55509413124,47268.14149239144,2.0,4.55,2.3,13453.0,1979.8,29425.0,3140.0,2010,-32.1819203,116.0039586,WA,6112
384,YANCHEP,398192.3728813559,377500.0,14178960881.500813,119075.44197482876,10961.782949705197,1.915254237288136,3.7033898305084745,1.8983050847457628,583.1186440677966,2004.9322033898304,49919.49152542373,11678.813559322034,2019,-31.536528,115.7338502,WA,6035
385,YANGEBUP,473640.1515151515,447500.0,13845386696.160069,117666.42127710041,10241.547400306645,1.628787878787879,3.643939393939394,1.7424242424242424,662.7954545454545,1992.5757575757573,19523.484848484848,4505.30303030303,2018,-32.1218097,115.8082495,WA,6164
386,YOKINE,625320.4629629629,579000.0,54221102545.53634,232854.25172312473,31687.450064402565,1.6111111111111112,3.240740740740741,1.7777777777777777,546.7037037037037,1993.0925925925928,6005.555555555556,3353.703703703704,2019,-31.9014963,115.8494185,WA,6060
