,SUBURB,Mean BATHROOMS,Mean BEDROOMS,Mean GARAGE,Mean LAND_AREA,Mean BUILD_YEAR,Mean CBD_DIST,Mean STATION DISTANCE,Mean SELL DATE,Lat_precise,Long_precise,state,postcode
0,ALEXANDER HEIGHTS,1.8515625,3.7890625,2.140625,627.703125,1991.8515625,13968.75,7085.9375,2017,-31.8269026,115.8671293,WA,6064
1,ALFRED COVE,1.7916666666666667,3.5083333333333333,1.9833333333333332,616.7416666666667,1989.6416666666669,9787.958333333334,3881.133333333333,2016,-32.0318604,115.8181396,WA,6154
2,ALKIMOS,1.973684210526316,3.631578947368421,1.8771929824561404,9031.622807017544,2009.929824561404,40705.26315789474,2512.4561403508774,2019,-31.6171563,115.6805868,WA,6038
3,ANKETELL,2.1052631578947367,4.157894736842105,2.736842105263158,21029.36842105263,1997.2631578947369,29368.42105263158,4005.2631578947367,2011,-32.2179086,115.8593099,WA,6167
4,APPLECROSS,2.3037974683544302,3.784810126582279,2.354430379746836,777.0126582278481,1988.6708860759493,7141.772151898735,1811.6708860759493,2018,-32.0116062,115.8387269,WA,6153
5,APPLECROSS,2.3037974683544302,3.784810126582279,2.354430379746836,777.0126582278481,1988.6708860759493,7141.772151898735,1811.6708860759493,2018,-32.0116,115.839,WA,6953
6,ARDROSS,2.066115702479338,3.727272727272727,2.008264462809917,542.9090909090909,1991.429752066116,8528.099173553719,2404.1322314049585,2017,-32.0221019,115.8353491,WA,6153
8,ARMADALE,1.1746031746031746,3.2222222222222223,1.5714285714285714,838.2222222222222,1981.15873015873,25782.53968253968,1082.4444444444443,2019,-32.1473012,116.0128764,WA,6112
9,ARMADALE,1.1746031746031746,3.2222222222222223,1.5714285714285714,838.2222222222222,1981.15873015873,25782.53968253968,1082.4444444444443,2019,-32.1473012,116.0128764,WA,6992
14,ASCOT,2.0,3.566666666666667,2.091666666666667,687.2583333333333,1994.7416666666663,6890.0,2303.333333333333,2016,-31.9354582,115.9297299,WA,6104
16,ASHBY,1.98876404494382,3.758426966292135,1.9943820224719104,513.3876404494382,2005.6685393258424,24733.76404494382,3236.4157303370785,2015,-31.7331506,115.7993996,WA,6065
20,ASHFIELD,1.5670731707317074,3.347560975609756,1.8170731707317076,646.1158536585366,1984.3475609756097,8398.780487804877,600.0914634146342,2012,-31.9172344,115.9366041,WA,6054
21,ATTADALE,2.1842105263157894,3.754385964912281,1.9649122807017545,775.2719298245614,1983.745614035088,9911.40350877193,4585.964912280701,2018,-32.0248597,115.7996837,WA,6156
22,ATWELL,1.9692307692307691,3.8,1.958974358974359,594.1589743589743,2000.7794871794872,21368.71794871795,2245.702564102564,2018,-32.1460122,115.8651336,WA,6164
23,AUBIN GROVE,2.037037037037037,3.919753086419753,2.308641975308642,562.3518518518518,2005.5617283950617,24174.69135802469,4954.938271604939,2017,-32.1683982,115.8611445,WA,6164
24,AVELEY,1.9932432432432432,3.77027027027027,2.0945945945945947,20786.864864864863,2006.3986486486488,22337.83783783784,12284.45945945946,2019,-31.7775422,115.9864678,WA,6069
25,BALCATTA,1.647887323943662,3.197183098591549,1.7605633802816902,723.0704225352113,1989.4788732394368,8836.61971830986,2769.0140845070423,2018,-31.8601754,115.8104652,WA,6021
26,BALCATTA,1.647887323943662,3.197183098591549,1.7605633802816902,723.0704225352113,1989.4788732394368,8836.61971830986,2769.0140845070423,2018,-31.8601754,115.8104652,WA,6914
27,BALDIVIS,2.0,3.87037037037037,1.8888888888888888,1434.148148148148,2004.9907407407409,43297.22222222222,4758.333333333333,2020,-32.3222184,115.8285153,WA,6171
28,BALGA,1.5344827586206895,3.155172413793104,1.7241379310344829,518.8103448275862,1989.1896551724135,11086.206896551725,4317.241379310345,2018,-31.8576435,115.8357889,WA,6061
29,BALLAJURA,1.7681159420289856,3.77536231884058,2.0144927536231885,645.036231884058,1991.4057971014493,12827.536231884058,8490.579710144928,2018,-31.836786,115.8935783,WA,6066
30,BANJUP,2.1875,4.1875,4.46875,20072.15625,1991.1875,22737.5,4262.5,2016,-32.1570175,115.8890062,WA,6164
31,BANKSIA GROVE,1.933734939759036,3.620481927710844,2.0120481927710845,491.1746987951808,2007.210843373494,28821.68674698795,6093.975903614458,2018,-31.7032401,115.8049933,WA,6031
32,BASKERVILLE,2.2,4.1,2.3,52488.6,1990.65,25075.0,11635.0,2007,-31.7971967,116.0505576,WA,6056
34,BASSENDEAN,1.6210526315789473,3.263157894736842,1.7473684210526317,754.8105263157895,1980.7263157894736,9948.421052631578,741.5578947368421,2019,-31.9076376,115.9425873,WA,6054
35,BASSENDEAN,1.6210526315789473,3.263157894736842,1.7473684210526317,754.8105263157895,1980.7263157894736,9948.421052631578,741.5578947368421,2019,-31.9076376,115.9425873,WA,6934
36,BATEMAN,1.9406779661016949,3.864406779661017,2.0762711864406778,728.4067796610169,1985.8559322033896,11560.169491525425,815.9237288135594,2016,-32.0595826,115.8443778,WA,6150
38,BAYSWATER,1.5833333333333333,3.239583333333333,1.84375,636.0625,1977.3958333333333,6442.708333333333,882.5625,2019,-31.9164799,115.9172336,WA,6053
39,BAYSWATER,1.5833333333333333,3.239583333333333,1.84375,636.0625,1977.3958333333333,6442.708333333333,882.5625,2019,-31.9217591,115.925209,WA,6933
43,BEACONSFIELD,1.8333333333333333,3.4035087719298245,2.0789473684210527,653.061403508772,1974.929824561404,15525.368421052632,2824.4561403508774,2017,-32.067218,115.7706321,WA,6162
45,BECKENHAM,1.4428571428571428,3.357142857142857,2.242857142857143,794.2571428571429,1981.9714285714283,12477.142857142857,1155.3285714285714,2017,-32.0275041,115.949352,WA,6107
46,BEDFORD,1.6896551724137931,3.2758620689655173,1.988505747126437,618.4252873563219,1977.2988505747128,5639.080459770115,1908.6436781609195,2017,-31.915616,115.884707,WA,6052
47,BEDFORDALE,2.1015625,4.09375,3.078125,10510.578125,1996.1328125,30125.78125,4684.375,2016,-32.1496111,116.054328,WA,6112
48,BEECHBORO,1.3364485981308412,3.420560747663552,2.420560747663552,714.3457943925233,1985.8878504672896,12041.121495327105,4331.77570093458,2017,-31.8680248,115.9387494,WA,6063
49,BEELIAR,1.9876543209876545,3.8395061728395055,2.092592592592593,616.0061728395061,2003.537037037037,20643.20987654321,4545.061728395061,2018,-32.1312555,115.8115536,WA,6164
50,BELDON,1.3986928104575165,3.5294117647058822,1.437908496732026,706.1176470588235,1985.0,21660.13071895425,1481.59477124183,2016,-31.7725971,115.7672666,WA,6027
51,BELHUS,1.9722222222222223,4.138888888888889,2.4444444444444446,14405.361111111111,1994.0833333333333,24122.222222222223,12972.222222222224,2008,-31.7824137,116.0134402,WA,6069
53,BELLEVUE,1.2660550458715596,3.1009174311926606,1.6788990825688073,884.1100917431193,1977.3119266055048,17438.532110091743,3380.733944954128,2014,-31.8999664,116.0236901,WA,6056
57,BELMONT,1.6712328767123288,3.4657534246575343,1.9726027397260275,761.945205479452,1985.027397260274,7050.6164383561645,3606.7123287671234,2017,-31.953847,115.9261098,WA,6104
58,BELMONT,1.6712328767123288,3.4657534246575343,1.9726027397260275,761.945205479452,1985.027397260274,7050.6164383561645,3606.7123287671234,2017,-31.953847,115.9261098,WA,6984
59,BENNETT SPRINGS,2.023696682464455,3.981042654028436,2.1658767772511847,803.1516587677725,2000.3649289099528,12609.478672985782,5701.895734597157,2016,-31.8584,115.946,WA,6063
61,BENTLEY,1.9135802469135803,3.567901234567901,2.074074074074074,701.7530864197531,1987.8024691358023,8274.074074074075,1756.382716049383,2017,-32.0041058,115.8964003,WA,6102
62,BENTLEY,1.9135802469135803,3.567901234567901,2.074074074074074,701.7530864197531,1987.8024691358023,8274.074074074075,1756.382716049383,2017,-32.0041058,115.8964003,WA,6982
63,BERTRAM,2.012987012987013,3.809523809523809,2.090909090909091,533.3116883116883,2004.896103896104,32903.4632034632,1453.060606060606,2017,-32.2475354,115.8476642,WA,6167
64,BIBRA LAKE,1.8059701492537317,3.783582089552239,1.8059701492537317,663.9850746268656,1992.7686567164176,16123.880597014926,3786.567164179105,2017,-32.1022549,115.8240324,WA,6163
65,BICKLEY,1.9545454545454544,3.727272727272727,2.1515151515151514,14979.59090909091,1971.5454545454545,22793.939393939392,11656.060606060606,2008,-32.0033783,116.0904378,WA,6076
66,BICTON,1.8831168831168832,3.6623376623376624,2.220779220779221,735.6753246753246,1984.025974025974,10884.415584415585,3270.12987012987,2018,-32.0300552,115.7845012,WA,6157
67,BOORAGOON,2.0543478260869565,3.8369565217391295,2.1847826086956523,811.3152173913044,1983.9565217391305,10063.04347826087,2109.782608695652,2017,-32.0363985,115.8379711,WA,6154
68,BOORAGOON,2.0543478260869565,3.8369565217391295,2.1847826086956523,811.3152173913044,1983.9565217391305,10063.04347826087,2109.782608695652,2017,-32.0364,115.838,WA,6954
69,BOYA,1.6868686868686869,3.4646464646464645,1.6363636363636365,2307.838383838384,1976.59595959596,18818.18181818182,5754.545454545455,2011,-31.915078,116.0532403,WA,6056
70,BRABHAM,1.968253968253968,3.555555555555556,2.015873015873016,530.6190476190476,2004.4603174603171,18195.23809523809,8888.888888888889,2018,-31.8271,115.969,WA,6055
72,BRENTWOOD,1.6985294117647058,3.3088235294117645,1.7279411764705883,645.7279411764706,1994.2279411764705,10208.088235294115,579.7279411764706,2015,-32.0427611,115.8480251,WA,6153
73,BRIGADOON,2.067961165048544,4.077669902912621,2.1262135922330097,21812.70873786408,1999.6407766990287,27930.09708737864,14154.368932038837,2010,-31.7798811,116.0828251,WA,6069
75,BROOKDALE,1.767605633802817,3.732394366197183,1.97887323943662,562.9507042253521,2000.4154929577464,27662.676056338027,1920.422535211268,2015,-32.1689832,116.0040377,WA,6112
77,BULL CREEK,1.988505747126437,4.011494252873563,2.103448275862069,707.4827586206897,1983.2183908045977,11710.344827586208,1257.9770114942528,2017,-32.0565965,115.864873,WA,6149
78,BULLSBROOK,1.8282828282828285,3.757575757575758,1.808080808080808,18141.16161616161,1994.828282828283,37091.9191919192,26133.33333333333,2017,-31.6553638,115.9977351,WA,6084
79,BURNS BEACH,2.3181818181818183,4.166666666666667,2.212121212121212,566.9090909090909,2007.621212121212,28253.030303030304,2369.696969696969,2017,-31.7246872,115.7248959,WA,6028
80,BURSWOOD,2.0285714285714285,3.5142857142857142,1.8,557.7714285714286,1989.4,3908.571428571429,473.2857142857143,2016,-31.9633074,115.8967553,WA,6100
82,BUTLER,1.9420289855072463,3.5893719806763285,1.8888888888888888,474.4927536231884,2006.782608695652,37368.59903381643,1233.1159420289855,2019,-31.6417639,115.7041334,WA,6036
83,BYFORD,1.942622950819672,3.877049180327869,2.057377049180328,808.4016393442623,2008.254098360656,32390.983606557376,7675.409836065573,2019,-32.2217191,116.0088444,WA,6122
84,CALISTA,1.2043795620437956,3.153284671532847,1.781021897810219,788.4087591240876,1976.8321167883207,33128.46715328467,2211.6788321167883,2014,-32.2471167,115.8065532,WA,6167
85,CAMILLO,1.2923076923076924,3.423076923076923,1.984615384615385,689.8384615384615,1981.953846153846,22453.07692307692,1289.823076923077,2016,-32.1122,116.004,WA,6111
86,CANNING VALE,2.019230769230769,3.967948717948718,1.807692307692308,700.25,1999.025641025641,16023.076923076924,4865.384615384615,2019,-32.0888848,115.9178123,WA,6155
87,CANNINGTON,1.761904761904762,3.273809523809524,2.011904761904762,740.0119047619048,1990.309523809524,9970.238095238095,817.297619047619,2016,-32.0178684,115.9346654,WA,6107
88,CANNINGTON,1.761904761904762,3.273809523809524,2.011904761904762,740.0119047619048,1990.309523809524,9970.238095238095,817.297619047619,2016,-32.0179,115.935,WA,6980
89,CANNINGTON,1.761904761904762,3.273809523809524,2.011904761904762,740.0119047619048,1990.309523809524,9970.238095238095,817.297619047619,2016,-32.0179,115.935,WA,6987
90,CARABOODA,2.333333333333333,4.523809523809524,2.952380952380953,35544.90476190476,1987.6666666666667,41419.04761904762,4409.523809523809,2010,-31.5988865,115.7160969,WA,6033
91,CARDUP,1.860759493670886,3.9367088607594938,2.354430379746836,16395.3417721519,1998.746835443038,34940.50632911392,11158.227848101264,2012,-32.2566391,115.9809995,WA,6122
92,CARINE,1.9915966386554624,3.9159663865546217,1.9663865546218489,730.3277310924369,1983.5210084033613,13472.268907563026,1904.546218487395,2017,-31.8511492,115.7776455,WA,6020
93,CARLISLE,1.6666666666666667,3.1666666666666665,2.141025641025641,523.1410256410256,1987.7307692307693,6348.717948717948,763.1282051282051,2018,-31.9786278,115.9171073,WA,6101
94,CARMEL,1.8461538461538465,3.942307692307693,2.1923076923076925,19412.98076923077,1979.2115384615383,23250.0,10842.307692307691,2008,-32.0189524,116.0740776,WA,6076
96,CARRAMAR,2.0288461538461537,4.0048076923076925,2.1009615384615383,808.4471153846154,2001.2163461538464,28093.26923076923,4071.153846153846,2018,-31.7061221,115.7879599,WA,6031
100,CASUARINA,1.9605263157894737,3.934210526315789,2.473684210526316,14438.276315789471,1991.421052631579,31636.84210526316,3186.842105263158,2008,-32.2375879,115.8745816,WA,6167
101,CAVERSHAM,1.9583333333333333,3.7430555555555554,2.25,1805.8402777777776,2002.3958333333333,13854.166666666666,3491.6666666666665,2017,-31.8757294,115.9748739,WA,6055
102,CHAMPION LAKES,1.874074074074074,3.4962962962962965,1.8,2727.474074074074,2007.1851851851848,22089.62962962963,2201.4814814814813,2013,-32.1171178,115.9860294,WA,6111
103,CHIDLOW,1.5754716981132075,3.4716981132075477,2.30188679245283,12956.433962264153,1983.5,40171.698113207545,25570.754716981133,2013,-31.8580021,116.2716751,WA,6556
104,CHURCHLANDS,2.340909090909091,3.946969696969697,2.053030303030303,860.5151515151515,1997.4166666666667,7098.484848484848,3059.848484848485,2016,-31.9215456,115.7897621,WA,6018
105,CITY BEACH,2.2884615384615383,4.057692307692308,2.333333333333333,860.0384615384615,1977.7884615384612,9414.102564102564,5674.358974358975,2017,-31.9393057,115.7634366,WA,6015
106,CLAREMONT,2.015873015873016,3.3492063492063493,2.0793650793650795,551.5714285714286,1982.2380952380952,7803.174603174603,610.2698412698413,2018,-31.9842456,115.7780005,WA,6010
107,CLAREMONT,2.015873015873016,3.3492063492063493,2.0793650793650795,551.5714285714286,1982.2380952380952,7803.174603174603,610.2698412698413,2018,-31.9842456,115.7780005,WA,6910
109,CLARKSON,1.876470588235294,3.6411764705882352,1.8705882352941177,967.2058823529412,2002.758823529412,32309.41176470588,1530.9176470588236,2019,-31.6843679,115.7267753,WA,6030
110,CLOVERDALE,1.6857142857142855,3.3142857142857145,2.442857142857143,659.3,1986.0285714285717,8300.0,4515.714285714285,2018,-31.9624535,115.9447259,WA,6105
111,CLOVERDALE,1.6857142857142855,3.3142857142857145,2.442857142857143,659.3,1986.0285714285717,8300.0,4515.714285714285,2018,-31.9624535,115.9447259,WA,6985
112,COCKBURN CENTRAL,1.9696969696969695,3.1818181818181817,1.7878787878787878,1185.3030303030305,2003.3939393939395,19427.272727272728,850.2424242424242,2016,-32.1213274,115.848442,WA,6164
115,COMO,1.95,3.566666666666667,2.2,728.3666666666667,1984.8833333333332,5128.333333333333,1802.25,2019,-32.0010903,115.8617166,WA,6152
116,COMO,1.95,3.566666666666667,2.2,728.3666666666667,1984.8833333333332,5128.333333333333,1802.25,2019,-32.0010903,115.8617166,WA,6952
117,CONNOLLY,2.104,3.976,2.112,990.352,1992.224,24886.4,1770.232,2016,-31.7518034,115.7505882,WA,6027
119,COOGEE,2.15267175572519,3.954198473282443,2.595419847328244,670.6030534351145,1996.2671755725191,20308.396946564884,7719.847328244275,2017,-32.116126,115.7657929,WA,6166
120,COOLBELLUP,1.391304347826087,3.282608695652174,1.858695652173913,646.554347826087,1979.1521739130435,15147.826086956522,4486.95652173913,2017,-32.0834068,115.806858,WA,6163
121,COOLBINIA,1.822695035460993,3.4609929078014185,2.00709219858156,767.6524822695036,1969.099290780142,4241.843971631206,2911.3475177304963,2013,-31.9138684,115.8543906,WA,6050
122,COOLOONGUP,1.446969696969697,3.5454545454545454,1.681818181818182,726.060606060606,1987.659090909091,39328.78787878788,1022.1590909090908,2018,-32.2945848,115.7629192,WA,6168
123,COTTESLOE,2.0434782608695654,3.3043478260869565,1.7536231884057971,622.6521739130435,1968.6521739130435,10357.971014492754,502.9420289855073,2018,-31.9896506,115.7630503,WA,6011
124,COTTESLOE,2.0434782608695654,3.3043478260869565,1.7536231884057971,622.6521739130435,1968.6521739130435,10357.971014492754,502.9420289855073,2018,-31.9896506,115.7630503,WA,6911
127,CRAIGIE,1.2340425531914894,3.372340425531915,1.5319148936170213,789.0957446808511,1980.8085106382975,20470.212765957447,1802.86170212766,2018,-31.7852371,115.7675831,WA,6025
128,CRAWLEY,1.4545454545454546,2.9545454545454546,1.3636363636363635,445.27272727272725,1980.3636363636365,5023.409090909091,3450.0,2015,-31.9820615,115.8107681,WA,6009
129,CURRAMBINE,2.02247191011236,3.859550561797753,1.9438202247191008,669.7921348314607,1997.8370786516853,26636.516853932582,1105.241573033708,2018,-31.7350638,115.7450235,WA,6028
130,DAGLISH,1.7373737373737377,3.202020202020202,1.9393939393939397,690.2323232323232,1962.6969696969695,4616.161616161616,468.5252525252525,2013,-31.9518509,115.8097338,WA,6008
131,DALKEITH,2.287671232876712,4.013698630136986,2.095890410958904,947.8219178082192,1965.1780821917807,7454.7945205479455,3032.876712328767,2016,-31.9947742,115.7988073,WA,6009
132,DARCH,2.0248756218905477,3.9203980099502487,2.029850746268657,544.9154228855722,2006.179104477612,15585.074626865671,5956.716417910448,2017,-31.8132291,115.8448339,WA,6065
133,DARLING DOWNS,2.0588235294117645,4.205882352941177,3.147058823529412,18302.352941176472,1994.1911764705883,29932.352941176472,4801.470588235294,2014,-32.1967124,115.9866015,WA,6122
139,DARLINGTON,1.907692307692308,3.753846153846154,2.2846153846153845,2529.630769230769,1973.7769230769231,21028.46153846154,7653.076923076923,2017,-31.9226334,116.0827607,WA,6070
140,DAYTON,1.9864864864864864,3.445945945945946,2.027027027027027,834.1621621621622,2008.891891891892,15020.27027027027,4609.459459459459,2016,-31.8556,115.969,WA,6055
141,DIANELLA,1.8513513513513515,3.527027027027027,1.7972972972972974,659.0,1988.9594594594596,7275.675675675676,5004.054054054054,2019,-31.8843665,115.8699209,WA,6059
142,DOUBLEVIEW,1.8229166666666667,3.34375,2.020833333333333,513.6145833333334,1986.3333333333333,9619.791666666666,2237.5,2019,-31.8999114,115.7812494,WA,6018
143,DUNCRAIG,1.8387096774193548,3.795698924731183,1.946236559139785,710.0,1982.6559139784947,15490.32258064516,1550.451612903226,2019,-31.8306124,115.7752703,WA,6023
144,EAST CANNINGTON,1.7964601769911503,3.7168141592920354,2.256637168141593,773.4690265486726,1993.1061946902653,11264.601769911504,1480.132743362832,2016,-32.0056699,115.9633174,WA,6107
145,EAST FREMANTLE,1.82,3.43,2.04,807.29,1962.81,13095.0,1909.79,2018,-32.0367504,115.7663951,WA,6158
146,EAST PERTH,1.6363636363636365,2.5454545454545454,1.5454545454545454,1363.7272727272727,1997.1818181818185,1590.909090909091,603.7272727272727,2019,-31.9540106,115.8787926,WA,6004
147,EAST PERTH,1.6363636363636365,2.5454545454545454,1.5454545454545454,1363.7272727272727,1997.1818181818185,1590.909090909091,603.7272727272727,2019,-31.9607635,115.8745971,WA,6892
148,EAST VICTORIA PARK,1.6292134831460674,3.269662921348315,2.067415730337079,526.0,1970.112359550562,5811.23595505618,1348.685393258427,2018,-31.9846562,115.9083631,WA,6101
149,EAST VICTORIA PARK,1.6292134831460674,3.269662921348315,2.067415730337079,526.0,1970.112359550562,5811.23595505618,1348.685393258427,2018,-31.9889419,115.9060249,WA,6981
150,EDEN HILL,1.4591836734693877,3.2857142857142856,2.7142857142857144,897.2551020408164,1979.7755102040817,10582.65306122449,1515.8367346938776,2016,-31.8906446,115.9421817,WA,6054
151,EDGEWATER,1.8416666666666663,3.808333333333333,1.8916666666666664,788.7083333333334,1986.0583333333332,22014.166666666668,1127.2,2016,-31.7647978,115.781458,WA,6027
153,EGLINTON,1.9342105263157892,3.6052631578947367,1.605263157894737,643.421052631579,2011.171052631579,43557.89473684211,5310.526315789473,2017,-31.5877637,115.6687491,WA,6034
154,ELLENBROOK,1.941935483870968,3.825806451612903,2.0,566.2967741935483,2002.4967741935484,22374.83870967742,13577.41935483871,2019,-31.7645555,116.005922,WA,6069
155,EMBLETON,1.585858585858586,3.2222222222222223,1.9393939393939397,587.020202020202,1983.757575757576,7238.383838383838,1777.7777777777778,2016,-31.90313,115.9104907,WA,6062
157,FERNDALE,1.5083333333333333,3.55,2.283333333333333,1016.45,1978.8833333333332,10787.5,3127.5,2016,-32.0307555,115.9253485,WA,6148
158,FLOREAT,2.1811023622047245,3.921259842519685,2.1496062992125986,798.0472440944882,1972.6614173228347,6300.787401574803,3100.787401574803,2018,-31.9344265,115.7906461,WA,6014
159,FORRESTDALE,1.5666666666666669,3.783333333333333,2.3833333333333333,9635.2,1984.6166666666663,23650.0,6835.0,2013,-32.1477898,115.9369583,WA,6112
160,FORRESTFIELD,1.6355932203389831,3.559322033898305,1.728813559322034,913.1271186440678,1991.71186440678,14312.71186440678,7777.966101694915,2019,-31.9831525,116.0000104,WA,6058
161,FREMANTLE,1.5774647887323945,3.0985915492957745,1.7746478873239435,566.6760563380282,1967.4929577464789,14718.30985915493,1653.0704225352113,2019,-32.0539328,115.7604781,WA,6160
162,FREMANTLE,1.5774647887323945,3.0985915492957745,1.7746478873239435,566.6760563380282,1967.4929577464789,14718.30985915493,1653.0704225352113,2019,-32.0518191,115.7551085,WA,6959
163,GIDGEGANNUP,1.9540229885057472,3.8620689655172415,2.942528735632184,73836.6091954023,1994.896551724138,35675.862068965514,20721.83908045977,2015,-31.7930685,116.1965988,WA,6083
164,GIRRAWHEEN,1.1702127659574468,3.223404255319149,1.6914893617021276,1253.351063829787,1975.9787234042556,12518.08510638298,4159.574468085107,2017,-31.8406834,115.8403151,WA,6064
165,GLEN FORREST,1.7482014388489209,3.647482014388489,2.647482014388489,4043.489208633093,1981.1654676258995,23592.086330935253,9948.920863309351,2015,-31.910937,116.1042495,WA,6071
166,GLENDALOUGH,1.28,2.64,1.48,4996.84,1986.84,5176.0,623.56,2015,-31.9192332,115.8200294,WA,6016
167,GNANGARA,2.176470588235294,4.352941176470588,2.588235294117647,14153.137254901962,1995.0196078431368,19407.843137254906,7440.196078431372,2007,-31.7756709,115.8656825,WA,6065
168,GNANGARA,2.176470588235294,4.352941176470588,2.588235294117647,14153.137254901962,1995.0196078431368,19407.843137254906,7440.196078431372,2007,-31.7757,115.866,WA,6077
169,GOLDEN BAY,1.839506172839506,3.617283950617284,2.0246913580246915,831.1604938271605,1998.8024691358023,53541.97530864197,10804.93827160494,2018,-32.4262528,115.7634366,WA,6174
170,GOOSEBERRY HILL,2.116788321167883,3.854014598540146,2.394160583941606,3074.197080291971,1982.7518248175184,17748.17518248175,8188.321167883211,2016,-31.9554445,116.0511246,WA,6076
171,GOSNELLS,1.5402298850574712,3.471264367816092,1.8505747126436785,719.7931034482758,1986.2298850574712,18903.44827586207,1556.5632183908046,2019,-32.0823022,115.9902668,WA,6110
172,GOSNELLS,1.5402298850574712,3.471264367816092,1.8505747126436785,719.7931034482758,1986.2298850574712,18903.44827586207,1556.5632183908046,2019,-32.0823022,115.9902668,WA,6990
177,GREENMOUNT,1.572463768115942,3.565217391304348,2.057971014492753,1417.840579710145,1978.0289855072465,19061.594202898552,4719.565217391304,2015,-31.8983463,116.0489523,WA,6056
179,GREENWOOD,1.5294117647058822,3.5294117647058822,1.8403361344537812,731.7647058823529,1977.9747899159663,14821.008403361344,1982.378151260504,2018,-31.8248279,115.804795,WA,6024
180,GREENWOOD,1.5294117647058822,3.5294117647058822,1.8403361344537812,731.7647058823529,1977.9747899159663,14821.008403361344,1982.378151260504,2018,-31.8248279,115.804795,WA,6924
183,GUILDFORD,1.5443037974683544,3.2151898734177213,2.1835443037974684,731.1582278481013,1942.7848101265824,11792.183544303798,643.506329113924,2015,-31.8989836,115.9718099,WA,6055
184,GUILDFORD,1.5443037974683544,3.2151898734177213,2.1835443037974684,731.1582278481013,1942.7848101265824,11792.183544303798,643.506329113924,2015,-31.8989836,115.9718099,WA,6935
186,GWELUP,2.065573770491804,3.792349726775957,2.0491803278688523,540.8360655737705,1999.415300546448,10906.55737704918,2286.338797814208,2017,-31.8692507,115.7962494,WA,6018
187,HAMERSLEY,1.5867768595041325,3.611570247933885,1.8925619834710743,744.5206611570248,1976.9504132231405,12210.743801652892,1649.9504132231405,2017,-31.8514757,115.8137261,WA,6022
188,HAMILTON HILL,1.435897435897436,3.1538461538461537,2.0,780.0769230769231,1977.6666666666667,16261.53846153846,5069.2307692307695,2019,-32.0860323,115.7764909,WA,6163
189,HAMILTON HILL,1.435897435897436,3.1538461538461537,2.0,780.0769230769231,1977.6666666666667,16261.53846153846,5069.2307692307695,2019,-32.0860323,115.7764909,WA,6963
190,HAMMOND PARK,1.962264150943396,3.811320754716981,1.9528301886792447,937.1698113207548,2007.877358490566,23719.81132075472,4555.66037735849,2018,-32.1684435,115.8494387,WA,6164
191,HARRISDALE,2.0268456375838926,3.785234899328859,2.140939597315436,501.4161073825503,2009.9127516778524,19996.64429530201,6779.798657718121,2018,-32.1176,115.932,WA,6112
192,HAYNES,1.626086956521739,3.5565217391304347,1.191304347826087,2422.278260869565,2010.3739130434783,23056.08695652174,2522.521739130435,2013,-32.1528,115.975,WA,6112
193,HAZELMERE,1.4430379746835442,3.354430379746836,1.962025316455696,4117.772151898735,1977.506329113924,13830.379746835442,1326.0,2008,-31.9106188,116.0098025,WA,6055
194,HEATHRIDGE,1.4765625,3.578125,1.6484375,694.7265625,1986.40625,23121.09375,1918.1171875,2018,-31.759339,115.7579544,WA,6027
195,HELENA VALLEY,1.9289940828402368,3.911242603550296,2.2958579881656807,1720.3254437869823,1996.7455621301772,16970.414201183434,4134.91124260355,2016,-31.9200748,116.0343803,WA,6056
196,HENLEY BROOK,2.0392156862745097,3.950980392156863,2.3872549019607843,4393.656862745098,2000.3774509803925,20266.176470588234,10630.882352941177,2014,-31.8011091,115.9748448,WA,6055
198,HERNE HILL,1.4912280701754386,3.5,1.947368421052632,16933.298245614034,1978.780701754386,21040.122807017546,7532.096491228071,2010,-31.8291659,116.0166261,WA,6056
199,HIGH WYCOMBE,1.7073170731707317,3.6890243902439024,1.9085365853658536,680.0670731707318,1993.560975609756,13943.292682926827,5373.170731707317,2018,-31.9365204,116.006311,WA,6057
201,HIGHGATE,1.4210526315789471,2.789473684210526,1.394736842105263,906.7631578947368,1963.421052631579,1776.3157894736842,797.1578947368421,2016,-31.9392191,115.8691573,WA,6003
202,HILBERT,1.9659090909090908,3.715909090909091,2.0568181818181817,1157.465909090909,2006.715909090909,27365.90909090909,3363.6363636363635,2016,-32.1776,115.983,WA,6112
203,HILLARYS,1.9577464788732395,3.8028169014084505,1.8450704225352117,672.3521126760563,1993.0774647887324,19410.56338028169,3710.56338028169,2019,-31.8083286,115.7438768,WA,6025
204,HILLARYS,1.9577464788732395,3.8028169014084505,1.8450704225352117,672.3521126760563,1993.0774647887324,19410.56338028169,3710.56338028169,2019,-31.8083,115.744,WA,6923
205,HILLMAN,1.2413793103448276,3.396551724137931,1.4827586206896552,730.5747126436781,1976.9827586206895,37948.85057471264,829.948275862069,2013,-32.2828886,115.7630414,WA,6168
207,HILTON,1.4408602150537635,3.150537634408602,1.827956989247312,615.741935483871,1971.967741935484,14625.806451612903,4324.731182795699,2017,-32.0702,115.784,WA,6163
208,HOCKING,1.9508196721311477,3.907103825136612,1.9726775956284155,602.4098360655738,2002.6284153005463,20612.021857923497,3843.169398907104,2018,-31.7698267,115.8201204,WA,6065
210,HOPE VALLEY,1.6666666666666667,3.333333333333333,0.6666666666666666,18442.5,1985.3333333333333,26250.0,5833.333333333333,2002,-32.200778,115.8057319,WA,6165
212,HOPELAND,1.85,3.75,1.65,170135.05,1993.95,47825.0,12640.0,2006,-32.3642829,115.9092153,WA,6125
213,HOVEA,1.93,3.74,2.18,19098.48,1983.79,25132.0,10686.0,2006,-31.8757092,116.112542,WA,6071
215,HUNTINGDALE,1.6972972972972973,3.708108108108108,2.135135135135135,642.027027027027,1992.7675675675675,17534.054054054053,3707.567567567568,2017,-32.0866604,115.9670872,WA,6110
217,ILUKA,2.169811320754717,4.15566037735849,2.0141509433962264,645.5801886792453,2003.089622641509,27033.962264150945,2324.056603773585,2018,-31.738911,115.7291538,WA,6028
221,INGLEWOOD,1.6956521739130437,3.1826086956521737,1.8434782608695648,536.6695652173913,1967.8434782608692,4520.869565217391,1490.0695652173913,2018,-31.9168382,115.8851214,WA,6052
222,INGLEWOOD,1.6956521739130437,3.1826086956521737,1.8434782608695648,536.6695652173913,1967.8434782608692,4520.869565217391,1490.0695652173913,2018,-31.9168382,115.8851214,WA,6932
223,INNALOO,1.65,3.1,1.8333333333333333,363.9333333333333,1995.0,9150.0,1178.2833333333333,2018,-31.8942851,115.7962433,WA,6018
224,INNALOO,1.65,3.1,1.8333333333333333,363.9333333333333,1995.0,9150.0,1178.2833333333333,2018,-31.8943,115.796,WA,6918
225,JANDABUP,1.8846153846153848,4.0,2.8076923076923075,28412.5,1995.2307692307693,23192.30769230769,7369.2307692307695,2004,-31.7368317,115.8532467,WA,6065
226,JANDABUP,1.8846153846153848,4.0,2.8076923076923075,28412.5,1995.2307692307693,23192.30769230769,7369.2307692307695,2004,-31.753,115.864,WA,6077
227,JANDAKOT,2.2333333333333334,4.038888888888889,2.2222222222222223,1990.8222222222223,1998.3333333333333,16771.11111111111,2593.333333333333,2015,-32.1071414,115.8598559,WA,6164
228,JANE BROOK,1.9751243781094527,3.945273631840796,2.218905472636816,689.681592039801,2001.766169154229,20767.66169154229,5797.512437810945,2016,-31.8619221,116.0594798,WA,6056
229,JARRAHDALE,1.8166666666666669,3.7083333333333335,2.575,6901.108333333334,1987.6666666666667,46712.5,20871.666666666668,2014,-32.3759261,116.1595761,WA,6124
231,JINDALEE,2.0458715596330275,3.81651376146789,1.9908256880733943,509.0091743119266,2008.8623853211009,37608.25688073395,1707.3394495412845,2017,-31.6506812,115.6920211,WA,6036
232,JOLIMONT,1.836065573770492,3.3278688524590163,1.9180327868852456,834.983606557377,1978.032786885246,4677.049180327869,783.0983606557377,2014,-31.947634,115.8115906,WA,6014
233,JOONDALUP,1.9259259259259256,3.555555555555556,1.8240740740740744,720.4166666666666,1996.537037037037,26201.85185185185,1139.861111111111,2018,-31.7339218,115.7657296,WA,6027
234,JOONDANNA,1.6024096385542168,3.156626506024097,1.9156626506024097,590.722891566265,1982.3493975903611,5122.891566265061,1489.3493975903614,2017,-31.9108876,115.8457182,WA,6060
235,KALAMUNDA,1.811764705882353,3.7058823529411766,2.176470588235294,1898.1411764705883,1978.9058823529413,18612.941176470587,10083.529411764706,2018,-31.9755983,116.0565936,WA,6076
236,KALAMUNDA,1.811764705882353,3.7058823529411766,2.176470588235294,1898.1411764705883,1978.9058823529413,18612.941176470587,10083.529411764706,2018,-31.9755983,116.0565936,WA,6926
237,KALLAROO,2.0069444444444446,3.888888888888889,1.930555555555556,758.5138888888889,1985.5902777777776,21108.33333333333,3597.222222222222,2017,-31.789,115.739,WA,6025
238,KARAWARA,1.8294117647058823,3.8294117647058825,1.911764705882353,620.964705882353,1993.6764705882356,6582.35294117647,2475.294117647059,2011,-32.0095347,115.8806461,WA,6152
239,KARDINYA,2.0,3.8656716417910446,2.149253731343284,707.6417910447761,1988.2238805970148,13186.567164179103,3332.8358208955224,2018,-32.0687062,115.8148921,WA,6163
240,KARNUP,1.9848484848484849,3.8181818181818175,2.787878787878788,13890.727272727272,2004.090909090909,52665.15151515151,9260.60606060606,2014,-32.4250674,115.7930198,WA,6176
241,KARRAGULLEN,1.681818181818182,3.727272727272727,1.6363636363636365,25005.86363636364,1989.0,28895.454545454544,9256.818181818182,2007,-32.1003757,116.1168079,WA,6111
242,KARRINYUP,1.9655172413793105,3.560344827586207,1.9482758620689653,619.5258620689655,1988.9310344827584,11515.51724137931,2962.9310344827586,2018,-31.8739029,115.7708104,WA,6018
243,KARRINYUP,1.9655172413793105,3.560344827586207,1.9482758620689653,619.5258620689655,1988.9310344827584,11515.51724137931,2962.9310344827586,2018,-31.8739029,115.7708104,WA,6921
244,KELMSCOTT,1.6283185840707963,3.47787610619469,2.0442477876106198,2058.380530973451,1984.58407079646,24045.132743362832,1069.2477876106195,2018,-32.1144179,116.0148177,WA,6111
245,KELMSCOTT,1.6283185840707963,3.47787610619469,2.0442477876106198,2058.380530973451,1984.58407079646,24045.132743362832,1069.2477876106195,2018,-32.1144,116.015,WA,6991
251,KENSINGTON,1.7876712328767124,3.404109589041096,2.1232876712328768,615.5068493150685,1958.280821917808,4076.027397260274,2793.8356164383563,2016,-31.9830523,115.8829593,WA,6151
252,KENWICK,1.6,3.613333333333333,2.026666666666667,983.9266666666666,1989.7133333333331,14919.333333333334,1307.9466666666667,2016,-32.0331924,115.9821613,WA,6107
253,KEWDALE,1.623529411764706,3.376470588235294,1.811764705882353,667.3294117647059,1990.8,7502.35294117647,2581.176470588235,2017,-31.9797348,115.9596253,WA,6105
254,KEYSBROOK,1.6666666666666667,3.333333333333333,2.111111111111111,105824.11111111112,1964.888888888889,58011.11111111111,32400.0,2010,-32.4363721,116.0295671,WA,6126
255,KIARA,1.6666666666666667,3.6666666666666665,2.095238095238096,636.8095238095239,1993.3537414965983,10817.00680272109,2831.9727891156463,2013,-31.8843886,115.9380878,WA,6054
256,KINGSLEY,1.811764705882353,3.8705882352941177,1.9176470588235293,696.0588235294117,1985.5058823529407,16852.941176470587,1528.2117647058824,2019,-31.8115417,115.8043918,WA,6026
257,KINROSS,2.0068965517241377,3.9931034482758623,2.0,626.3862068965517,1995.6896551724135,28533.793103448275,1545.2206896551725,2018,-31.7214518,115.7413155,WA,6028
258,KOONDOOLA,1.0909090909090908,3.2587412587412588,1.86013986013986,723.7482517482517,1978.7552447552448,12220.27972027972,6232.867132867133,2015,-31.8412583,115.8628244,WA,6064
259,KOONGAMIA,1.1151079136690647,2.79136690647482,1.330935251798561,738.2877697841726,1968.611510791367,18060.43165467626,4287.769784172662,2010,-31.9062572,116.040491,WA,6056
260,KWINANA BEACH,1.0,3.0,2.0,92333.0,1970.0,33400.0,3300.0,1989,-32.2260862,115.7763846,WA,6167
261,KWINANA TOWN CENTRE,1.7647058823529411,3.0,1.0588235294117647,203.7941176470588,2014.970588235294,32558.82352941177,2405.8823529411766,2013,-32.2476388,115.8135235,WA,6167
262,LANDSDALE,2.0,4.018987341772152,1.8924050632911396,563.867088607595,2005.018987341772,16000.0,7674.050632911392,2019,-31.8042706,115.86174,WA,6065
263,LANGFORD,1.5,3.507042253521127,1.8098591549295773,646.9929577464789,1987.8028169014085,12501.408450704226,1468.1408450704223,2016,-32.0397928,115.9484249,WA,6147
264,LATHLAIN,1.625,3.3472222222222223,2.5416666666666665,628.4027777777778,1977.736111111111,4804.166666666667,591.8611111111111,2016,-31.967897,115.9081062,WA,6100
265,LEDA,1.8,3.7625,1.9,597.75,2000.55,35061.25,1087.925,2015,-32.271548,115.8018223,WA,6170
266,LEEDERVILLE,1.818181818181818,3.0,1.8636363636363635,402.0,1978.2272727272727,2945.454545454545,995.7272727272727,2017,-31.9319556,115.84128,WA,6007
267,LEEDERVILLE,1.818181818181818,3.0,1.8636363636363635,402.0,1978.2272727272727,2945.454545454545,995.7272727272727,2017,-31.932,115.841,WA,6900
268,LEEDERVILLE,1.818181818181818,3.0,1.8636363636363635,402.0,1978.2272727272727,2945.454545454545,995.7272727272727,2017,-31.932,115.841,WA,6902
269,LEEDERVILLE,1.818181818181818,3.0,1.8636363636363635,402.0,1978.2272727272727,2945.454545454545,995.7272727272727,2017,-31.932,115.841,WA,6903
270,LEEMING,2.0194174757281558,4.029126213592233,2.1650485436893203,721.9320388349514,1987.495145631068,13618.446601941749,1897.7475728155337,2018,-32.0796241,115.8656562,WA,6149
271,LESMURDIE,1.815126050420168,3.983193277310925,2.672268907563025,1703.7731092436975,1978.6470588235293,19175.63025210084,8589.915966386554,2017,-32.0131773,116.0381059,WA,6076
272,LOCKRIDGE,1.3311258278145697,3.2317880794701987,1.8344370860927155,644.7880794701987,1981.814569536424,11608.60927152318,2176.158940397351,2015,-31.8818885,115.9498271,WA,6054
275,LYNWOOD,1.4095238095238096,3.3142857142857145,1.9047619047619049,820.7142857142857,1981.4857142857145,11750.47619047619,2468.5714285714284,2016,-32.0402295,115.9320611,WA,6147
276,MADDINGTON,1.4883720930232558,3.441860465116279,1.7325581395348837,945.593023255814,1988.953488372093,17256.976744186046,1727.5697674418604,2018,-32.0502858,115.9844929,WA,6109
277,MADDINGTON,1.4883720930232558,3.441860465116279,1.7325581395348837,945.593023255814,1988.953488372093,17256.976744186046,1727.5697674418604,2018,-32.0502858,115.9844929,WA,6989
278,MADELEY,2.036363636363636,3.806060606060606,2.16969696969697,588.4787878787879,2006.0545454545452,16272.121212121212,4181.212121212121,2018,-31.8132043,115.8275892,WA,6065
279,MAHOGANY CREEK,1.748031496062992,3.52755905511811,1.748031496062992,6179.188976377953,1982.283464566929,26608.661417322837,12795.27559055118,2007,-31.9142343,116.1329888,WA,6072
280,MAIDA VALE,1.9166666666666667,3.911111111111111,2.611111111111111,2024.4222222222224,1993.0944444444444,15280.0,7178.888888888889,2017,-31.9530067,116.0241739,WA,6057
281,MANNING,1.9271523178807948,3.642384105960265,2.0596026490066226,620.4966887417219,1992.9735099337747,6903.311258278146,1416.23178807947,2017,-32.011671,115.8688603,WA,6152
282,MARANGAROO,1.6890756302521008,3.73109243697479,1.92436974789916,832.1512605042017,1992.1764705882356,14069.747899159664,4950.420168067227,2018,-31.8278073,115.841335,WA,6064
283,MARDELLA,1.819672131147541,4.032786885245901,2.098360655737705,32698.016393442624,1997.672131147541,41386.88524590164,16980.32786885246,2008,-32.3342254,115.9648863,WA,6125
284,MARIGINIUP,2.068376068376069,4.153846153846154,2.2564102564102564,18622.017094017094,1992.837606837607,27517.94871794872,9071.794871794871,2005,-31.7069105,115.8504592,WA,6065
285,MARIGINIUP,2.068376068376069,4.153846153846154,2.2564102564102564,18622.017094017094,1992.837606837607,27517.94871794872,9071.794871794871,2005,-31.7069,115.85,WA,6078
286,MARMION,2.120567375886525,3.851063829787234,2.2624113475177303,830.8794326241135,1988.3758865248224,15654.609929078017,3721.276595744681,2014,-31.8431646,115.7576233,WA,6020
287,MARTIN,1.648648648648649,3.689189189189189,2.216216216216216,7086.148648648648,1985.2567567567569,20083.783783783783,1627.972972972973,2013,-32.0789071,116.0621898,WA,6110
289,MAYLANDS,1.7538461538461538,3.1384615384615384,1.6,637.5846153846154,1984.292307692308,4486.723076923077,1124.2615384615383,2019,-31.938255,115.9024493,WA,6051
290,MAYLANDS,1.7538461538461538,3.1384615384615384,1.6,637.5846153846154,1984.292307692308,4486.723076923077,1124.2615384615383,2019,-31.9286,115.892,WA,6931
291,MEDINA,1.1764705882352942,2.9411764705882355,1.546218487394958,762.8319327731092,1962.504201680672,31792.436974789915,3428.5714285714284,2015,-32.2362727,115.8053718,WA,6167
293,MELVILLE,1.69811320754717,3.4056603773584904,1.9433962264150944,638.8679245283018,1982.5754716981128,11207.547169811322,4733.962264150943,2018,-32.0414618,115.8034715,WA,6156
294,MELVILLE,1.69811320754717,3.4056603773584904,1.9433962264150944,638.8679245283018,1982.5754716981128,11207.547169811322,4733.962264150943,2018,-32.0414618,115.8034715,WA,6956
295,MENORA,1.8,3.5636363636363635,2.0484848484848484,820.030303030303,1960.1272727272728,3656.363636363637,3124.242424242424,2012,-31.9231622,115.8608222,WA,6050
297,MERRIWA,1.8398058252427183,3.7475728155339807,2.3446601941747574,580.9514563106796,1998.5970873786407,35000.48543689321,3194.660194174757,2017,-31.6673101,115.7127407,WA,6030
298,MIDDLE SWAN,1.5608108108108107,3.4121621621621623,1.7094594594594594,2231.425675675676,1987.391891891892,17700.0,2945.945945945946,2014,-31.8723346,116.0173525,WA,6056
299,MIDLAND,1.5081967213114753,2.950819672131148,1.6885245901639343,1064.4426229508197,1977.016393442623,16372.131147540984,1472.573770491803,2016,-31.8917642,116.0134587,WA,6056
300,MIDVALE,1.2727272727272727,3.101010101010101,1.606060606060606,872.1717171717172,1976.7777777777776,17169.696969696968,2267.676767676768,2014,-31.8860343,116.0283186,WA,6056
301,MILLENDON,1.8333333333333333,3.8333333333333335,2.1944444444444446,28231.027777777777,1982.861111111111,23269.444444444445,9794.444444444443,2007,-31.8073045,116.0285054,WA,6056
303,MINDARIE,2.167464114832536,4.033492822966507,1.9665071770334928,644.1196172248804,2000.11004784689,32870.33492822966,3037.799043062201,2018,-31.6900771,115.7060487,WA,6030
305,MIRRABOOKA,1.410071942446043,3.5899280575539567,1.7050359712230216,670.4604316546763,1989.640287769784,10631.654676258991,6882.014388489209,2016,-31.8662015,115.8662538,WA,6061
306,MIRRABOOKA,1.410071942446043,3.5899280575539567,1.7050359712230216,670.4604316546763,1989.640287769784,10631.654676258991,6882.014388489209,2016,-31.8662015,115.8662538,WA,6941
307,MORLEY,1.417910447761194,3.194029850746269,1.671641791044776,765.4029850746268,1982.7313432835824,8552.23880597015,3798.507462686567,2019,-31.8889571,115.9181651,WA,6062
308,MORLEY,1.417910447761194,3.194029850746269,1.671641791044776,765.4029850746268,1982.7313432835824,8552.23880597015,3798.507462686567,2019,-31.8889571,115.9181651,WA,6943
310,MOSMAN PARK,1.9405940594059403,3.603960396039604,1.811881188118812,592.4455445544554,1975.7029702970297,11352.475247524751,979.1089108910892,2018,-32.0135412,115.7634366,WA,6012
311,MOSMAN PARK,1.9405940594059403,3.603960396039604,1.811881188118812,592.4455445544554,1975.7029702970297,11352.475247524751,979.1089108910892,2018,-32.0150977,115.766391,WA,6912
312,MOUNT CLAREMONT,2.096296296296296,3.688888888888889,2.05925925925926,830.8518518518518,1991.7407407407409,7344.444444444444,1347.3333333333333,2017,-31.9637267,115.7837568,WA,6010
313,MOUNT HAWTHORN,1.644859813084112,3.1682242990654204,1.7570093457943925,487.018691588785,1956.588785046729,4220.560747663551,1400.588785046729,2018,-31.9195792,115.8355846,WA,6016
314,MOUNT HAWTHORN,1.644859813084112,3.1682242990654204,1.7570093457943925,487.018691588785,1956.588785046729,4220.560747663551,1400.588785046729,2018,-31.9195792,115.8355846,WA,6915
315,MOUNT HELENA,1.6687898089171975,3.732484076433121,2.5477707006369426,10337.649681528665,1988.006369426752,34403.82165605095,19901.91082802548,2015,-31.8780386,116.2105782,WA,6082
316,MOUNT LAWLEY,1.6282051282051282,3.230769230769231,1.8461538461538465,681.2435897435897,1954.0,2882.051282051282,946.3846153846154,2019,-31.9320594,115.8741149,WA,6050
317,MOUNT LAWLEY,1.6282051282051282,3.230769230769231,1.8461538461538465,681.2435897435897,1954.0,2882.051282051282,946.3846153846154,2019,-31.9320594,115.8741149,WA,6929
318,MOUNT NASURA,1.6814814814814816,3.562962962962963,2.355555555555556,1372.1925925925923,1982.562962962963,25945.185185185182,1358.2740740740742,2015,-32.1401592,116.0257044,WA,6112
324,MOUNT PLEASANT,2.185185185185185,3.768518518518519,1.953703703703704,554.3703703703703,1990.2314814814813,8569.444444444445,1558.3148148148148,2018,-32.0248016,115.8484937,WA,6153
325,MOUNT RICHON,1.8854961832061068,3.8091603053435112,2.442748091603053,1809.2900763358775,1988.63358778626,27688.54961832061,1141.1145038167938,2014,-32.1599589,116.0206116,WA,6112
326,MULLALOO,1.9477611940298507,3.82089552238806,1.9701492537313432,745.5671641791045,1985.8880597014925,22152.238805970148,3330.597014925373,2017,-31.7803535,115.7438482,WA,6027
327,MUNDARING,1.8592592592592592,3.740740740740741,2.4296296296296296,4799.214814814814,1989.0592592592595,29673.33333333333,15736.296296296296,2016,-31.9256022,116.165484,WA,6073
328,MUNDIJONG,1.536,3.368,1.784,4376.648,1985.824,39477.6,15404.0,2011,-32.2995985,115.9845718,WA,6123
329,MUNSTER,1.0,4.0,2.0,20000.0,1980.0,22500.0,5300.0,2020,-32.1509366,115.8113086,WA,6166
330,MURDOCH,2.048076923076923,3.942307692307693,2.0384615384615383,710.8269230769231,1990.2788461538464,12407.692307692309,1722.923076923077,2013,-32.0699,115.8425954,WA,6150
331,MYAREE,1.5463917525773196,3.237113402061856,1.8350515463917525,1281.701030927835,1985.1546391752577,10574.226804123711,3836.082474226804,2016,-32.0399796,115.8156494,WA,6154
332,NAVAL BASE,1.0,3.0,0.0,2614.0,2002.0,28500.0,6400.0,2013,-32.1987547,115.7823791,WA,6165
333,NEDLANDS,2.0288461538461537,3.692307692307693,2.3173076923076925,819.5961538461538,1956.0865384615383,6021.153846153846,1848.1442307692307,2018,-31.979149,115.8037341,WA,6009
334,NEDLANDS,2.0288461538461537,3.692307692307693,2.3173076923076925,819.5961538461538,1956.0865384615383,6021.153846153846,1848.1442307692307,2018,-31.9791,115.804,WA,6907
335,NEDLANDS,2.0288461538461537,3.692307692307693,2.3173076923076925,819.5961538461538,1956.0865384615383,6021.153846153846,1848.1442307692307,2018,-31.9791,115.804,WA,6909
336,NEERABUP,2.0,3.5,1.875,29769.25,1989.875,31675.0,1925.0,2006,-31.6922619,115.7608745,WA,6031
337,NOLLAMARA,1.6666666666666667,2.9743589743589745,1.641025641025641,508.2307692307692,1999.6666666666667,8176.923076923077,4043.589743589744,2019,-31.8805717,115.8472254,WA,6061
338,NORANDA,2.019230769230769,3.9711538461538463,2.4423076923076925,772.1057692307693,1986.0576923076924,9369.23076923077,5470.192307692308,2018,-31.8754476,115.8964691,WA,6062
340,NORTH BEACH,1.9381443298969072,3.422680412371134,1.9175257731958764,635.7835051546392,1988.041237113402,13813.40206185567,4058.762886597938,2016,-31.8611706,115.7582009,WA,6020
341,NORTH BEACH,1.9381443298969072,3.422680412371134,1.9175257731958764,635.7835051546392,1988.041237113402,13813.40206185567,4058.762886597938,2016,-31.8611706,115.7582009,WA,6920
342,NORTH COOGEE,2.3617021276595747,3.8297872340425534,2.191489361702128,772.3191489361702,2007.340425531915,18376.59574468085,5038.297872340426,2017,-32.1025,115.763,WA,6163
343,NORTH FREMANTLE,1.943661971830986,3.126760563380281,1.7887323943661972,595.5352112676056,1981.112676056338,13154.929577464787,618.7042253521126,2017,-32.0353019,115.7486438,WA,6159
344,NORTH LAKE,1.9694656488549616,3.931297709923664,1.6641221374045805,693.9312977099237,1991.3435114503816,14686.259541984731,2675.5725190839694,2011,-32.0789699,115.8218528,WA,6163
345,NORTH PERTH,1.586666666666667,2.973333333333333,1.7866666666666666,424.53333333333336,1958.24,2826.6666666666665,1943.8266666666664,2019,-31.9273539,115.8551339,WA,6006
346,NORTH PERTH,1.586666666666667,2.973333333333333,1.7866666666666666,424.53333333333336,1958.24,2826.6666666666665,1943.8266666666664,2019,-31.9273833,115.852472,WA,6906
349,NORTHBRIDGE,1.7272727272727273,2.4545454545454546,1.3636363636363635,647.5454545454545,1972.0,1254.1818181818182,1175.1818181818182,2014,-31.9436266,115.8538427,WA,6003
350,NORTHBRIDGE,1.7272727272727273,2.4545454545454546,1.3636363636363635,647.5454545454545,1972.0,1254.1818181818182,1175.1818181818182,2014,-31.9436,115.854,WA,6803
351,NORTHBRIDGE,1.7272727272727273,2.4545454545454546,1.3636363636363635,647.5454545454545,1972.0,1254.1818181818182,1175.1818181818182,2014,-31.9436,115.854,WA,6865
353,O'CONNOR,1.625,3.0,2.75,574.25,1982.625,13750.0,4450.0,2013,-32.060241,115.793698,WA,6163
354,OAKFORD,2.064516129032258,4.21505376344086,2.978494623655914,18297.13978494624,1995.4193548387095,29443.010752688173,8000.0,2015,-32.2043324,115.9241645,WA,6121
355,OCEAN REEF,2.128440366972477,4.064220183486238,2.018348623853211,763.9357798165138,1991.8532110091744,24513.761467889908,3376.146788990826,2018,-31.7600517,115.7332807,WA,6027
356,OLDBURY,1.8461538461538465,4.076923076923077,2.0,92374.26923076923,1990.692307692308,34692.307692307695,7215.384615384615,2007,-32.2544608,115.9070305,WA,6121
358,ORANGE GROVE,2.0434782608695654,3.934782608695652,2.565217391304348,13770.673913043478,1981.9782608695648,17647.82608695652,3884.782608695652,2008,-32.0315515,116.0219405,WA,6109
359,ORELIA,1.593103448275862,3.579310344827586,1.8,687.7379310344828,1988.8896551724135,31340.0,1829.7724137931036,2017,-32.2350267,115.8208189,WA,6167
361,OSBORNE PARK,1.511111111111111,2.977777777777778,1.9555555555555555,811.9333333333333,1987.2444444444443,6517.777777777777,1491.2666666666669,2017,-31.9142574,115.8230694,WA,6017
362,OSBORNE PARK,1.511111111111111,2.977777777777778,1.9555555555555555,811.9333333333333,1987.2444444444443,6517.777777777777,1491.2666666666669,2017,-31.9142574,115.8230694,WA,6916
363,OSBORNE PARK,1.511111111111111,2.977777777777778,1.9555555555555555,811.9333333333333,1987.2444444444443,6517.777777777777,1491.2666666666669,2017,-31.9142574,115.8230694,WA,6917
364,PADBURY,1.4526315789473685,3.557894736842105,1.5473684210526315,731.1789473684211,1982.1894736842105,18555.78947368421,1566.8105263157895,2018,-31.8007703,115.7734455,WA,6025
366,PALMYRA,1.5930232558139534,3.36046511627907,1.976744186046512,669.0348837209302,1982.5232558139533,12250.0,3668.604651162791,2019,-32.0458365,115.7847126,WA,6157
367,PALMYRA,1.5930232558139534,3.36046511627907,1.976744186046512,669.0348837209302,1982.5232558139533,12250.0,3668.604651162791,2019,-32.0458,115.785,WA,6957
368,PARKERVILLE,1.748299319727891,3.639455782312925,2.6258503401360542,8825.299319727892,1986.530612244898,27924.48979591837,13291.836734693878,2014,-31.8753082,116.1386395,WA,6081
371,PARKWOOD,1.4655172413793105,3.5517241379310347,1.8103448275862069,807.3534482758621,1983.3103448275865,11741.379310344828,3626.7241379310335,2017,-32.0467714,115.9126767,WA,6147
372,PARMELIA,1.4210526315789471,3.5526315789473686,1.6228070175438596,691.640350877193,1985.4035087719296,32869.29824561404,1584.0701754385964,2017,-32.2500689,115.8256616,WA,6167
373,PEARSALL,2.0136986301369864,3.664383561643836,2.1301369863013697,532.8835616438356,2004.335616438356,19335.616438356163,3904.109589041096,2017,-31.7801238,115.813642,WA,6065
374,PEPPERMINT GROVE,2.024390243902439,3.414634146341464,2.1219512195121952,1298.560975609756,1981.9024390243903,10402.439024390244,598.4634146341464,2013,-31.9979804,115.7676977,WA,6011
375,PIARA WATERS,1.9813084112149533,3.766355140186916,2.177570093457944,498.8971962616823,2010.3738317757009,20673.83177570093,5882.242990654206,2018,-32.1247,115.918,WA,6112
376,PICKERING BROOK,1.5555555555555556,3.7222222222222223,2.1666666666666665,23626.777777777777,1983.8333333333333,27394.444444444445,14222.222222222224,2008,-32.0501173,116.1958784,WA,6076
377,PORT KENNEDY,1.9516129032258065,3.9086021505376345,2.075268817204301,645.9731182795699,1998.1935483870968,46442.47311827957,3970.967741935484,2019,-32.3760083,115.7516025,WA,6172
379,QUEENS PARK,1.88,3.61,1.87,525.23,1999.03,9991.0,965.09,2017,-32.0042449,115.9423037,WA,6107
380,QUINNS ROCKS,1.9259259259259256,3.808641975308642,1.9259259259259256,665.4876543209876,1996.3765432098764,35639.50617283951,3088.271604938272,2018,-31.6605175,115.6959328,WA,6030
382,REDCLIFFE,1.7682119205298013,3.5364238410596025,1.900662251655629,580.8543046357615,1994.953642384106,8413.245033112582,4254.9668874172185,2016,-31.9381761,115.9435503,WA,6104
384,RIDGEWOOD,2.005376344086021,3.817204301075269,2.043010752688172,529.0967741935484,2003.720430107527,34874.1935483871,3089.2473118279568,2016,-31.6592742,115.7211663,WA,6030
387,RIVERTON,1.768421052631579,3.610526315789474,1.8421052631578947,609.5157894736842,1989.957894736842,9944.21052631579,3978.947368421053,2017,-32.0338297,115.8931741,WA,6148
388,RIVERVALE,1.5714285714285714,3.3015873015873014,1.9047619047619049,736.7142857142857,1981.936507936508,5453.9682539682535,1506.3650793650793,2019,-31.9608819,115.9201904,WA,6103
390,ROCKINGHAM,1.6292134831460674,3.550561797752809,1.7078651685393258,802.9662921348314,1991.1011235955057,39006.74157303371,2948.584269662921,2019,-32.2780954,115.7351403,WA,6168
391,ROCKINGHAM,1.6292134831460674,3.550561797752809,1.7078651685393258,802.9662921348314,1991.1011235955057,39006.74157303371,2948.584269662921,2019,-32.2780954,115.7351403,WA,6968
392,ROLEYSTONE,2.0,3.9322033898305087,2.9322033898305087,5500.177966101695,1989.906779661017,27480.508474576272,5900.847457627118,2017,-32.1257607,116.0615683,WA,6111
393,ROSSMOYNE,2.008403361344538,3.890756302521008,2.2857142857142856,784.453781512605,1981.747899159664,9689.0756302521,1633.7478991596638,2015,-32.0386354,115.8677123,WA,6148
394,SAFETY BAY,1.7647058823529411,3.637254901960784,1.9411764705882355,761.3823529411765,1982.558823529412,40927.45098039216,3126.470588235294,2018,-32.3100675,115.7319024,WA,6169
395,SALTER POINT,2.111888111888112,3.769230769230769,2.2587412587412588,645.048951048951,1990.4125874125875,7876.923076923077,1818.6573426573427,2015,-32.0211363,115.8628207,WA,6152
396,SAMSON,1.728,3.68,1.976,843.072,1983.016,14343.2,4997.6,2013,-32.0722698,115.7995497,WA,6163
397,SAWYERS VALLEY,1.7063492063492065,3.658730158730159,2.357142857142857,12217.873015873016,1984.9761904761904,33195.23809523809,19264.285714285717,2009,-31.9747933,116.2540856,WA,6074
400,SCARBOROUGH,1.721311475409836,3.2295081967213117,1.8032786885245904,661.9344262295082,1988.131147540984,10482.393442622952,3433.0,2019,-31.8980316,115.7715973,WA,6019
401,SCARBOROUGH,1.721311475409836,3.2295081967213117,1.8032786885245904,661.9344262295082,1988.131147540984,10482.393442622952,3433.0,2019,-31.8980316,115.7715973,WA,6922
402,SECRET HARBOUR,2.0558375634517767,3.964467005076142,2.1319796954314723,648.6497461928934,2003.035532994924,51372.081218274114,8911.675126903554,2019,-32.4051251,115.7634366,WA,6173
404,SERPENTINE,1.925619834710744,4.041322314049586,2.87603305785124,19169.99173553719,1993.5123966942149,47676.03305785124,21907.43801652893,2015,-32.3616954,115.9767794,WA,6125
405,SEVILLE GROVE,1.8083333333333331,3.783333333333333,1.9916666666666667,650.1666666666666,2000.0083333333332,23849.166666666668,2065.241666666667,2018,-32.1360031,115.9907343,WA,6112
407,SHELLEY,1.9538461538461536,3.723076923076923,2.0,715.6,1984.676923076923,9064.615384615385,3356.923076923077,2016,-32.0278545,115.8895276,WA,6148
408,SHENTON PARK,1.8282828282828285,3.393939393939394,1.7676767676767675,439.6161616161616,1959.585858585859,4424.242424242424,692.2727272727273,2017,-31.9588145,115.8053226,WA,6008
410,SHOALWATER,1.7924528301886793,3.5,2.1226415094339623,731.5471698113207,1989.9433962264152,40562.2641509434,4630.188679245283,2017,-32.2933662,115.7107698,WA,6169
411,SINAGRA,2.0,3.761627906976744,2.011627906976744,1263.1162790697674,2005.9476744186047,24183.13953488372,3647.093023255814,2016,-31.7399535,115.8027687,WA,6065
413,SINGLETON,1.88125,3.86875,2.06875,759.9,1997.0,55550.625,9366.875,2016,-32.4466752,115.754561,WA,6175
416,SORRENTO,2.0288461538461537,3.855769230769231,2.048076923076923,1332.4615384615386,1987.2403846153843,17011.53846153846,2969.230769230769,2018,-31.8254068,115.7527574,WA,6020
417,SOUTH FREMANTLE,1.7777777777777777,3.242424242424242,1.9191919191919191,593.7676767676768,1966.858585858586,16312.121212121212,2110.10101010101,2016,-32.0677891,115.7525478,WA,6162
418,SOUTH GUILDFORD,1.862637362637363,3.675824175824176,2.4285714285714284,663.2582417582418,1996.6483516483515,12626.252747252747,1563.6923076923076,2016,-31.9101748,115.9668664,WA,6055
419,SOUTH LAKE,1.6513157894736843,3.664473684210526,1.5657894736842106,681.3552631578947,1991.125,17367.105263157893,2672.368421052632,2016,-32.1041036,115.8402587,WA,6164
420,SOUTH PERTH,1.7291666666666667,3.208333333333333,1.75,1201.5833333333333,1970.8125,3441.6666666666665,3208.333333333333,2019,-31.9809515,115.8639168,WA,6151
421,SOUTH PERTH,1.7291666666666667,3.208333333333333,1.75,1201.5833333333333,1970.8125,3441.6666666666665,3208.333333333333,2019,-31.9809515,115.8639168,WA,6951
422,SOUTHERN RIVER,2.045112781954887,4.037593984962406,2.3909774436090228,609.4962406015038,2006.827067669173,18440.6015037594,5739.097744360903,2018,-32.1047229,115.9594374,WA,6110
423,SPEARWOOD,1.7532467532467533,3.5064935064935066,1.948051948051948,731.7272727272727,1988.974025974026,18710.38961038961,6900.0,2018,-32.1025261,115.7826359,WA,6163
425,ST JAMES,1.5057471264367817,3.2758620689655173,2.103448275862069,712.2413793103449,1979.367816091954,7162.068965517241,1417.551724137931,2017,-31.9961703,115.9143617,WA,6102
429,STIRLING,2.013793103448276,3.8482758620689657,2.2275862068965515,584.2413793103449,1998.7724137931036,8511.034482758621,1646.248275862069,2018,-31.886448,115.8098708,WA,6021
430,STONEVILLE,1.7553956834532374,3.7985611510791366,2.287769784172662,9780.273381294965,1988.1294964028775,30909.35251798561,16274.10071942446,2015,-31.8771055,116.1705079,WA,6081
431,STRATTON,1.5480225988700564,3.5706214689265536,1.7005649717514124,516.8926553672317,1991.830508474576,19690.39548022599,4731.073446327684,2015,-31.8700818,116.0339382,WA,6056
432,SUBIACO,1.8,3.1538461538461537,1.6,543.8153846153846,1962.446153846154,3492.3076923076924,582.0153846153846,2018,-31.9469931,115.8285548,WA,6008
433,SUBIACO,1.8,3.1538461538461537,1.6,543.8153846153846,1962.446153846154,3492.3076923076924,582.0153846153846,2018,-31.9469931,115.8285548,WA,6904
434,SUCCESS,2.017543859649123,3.929824561403509,2.017543859649123,582.4649122807018,2001.868421052632,21412.280701754386,2382.938596491228,2018,-32.1536587,115.8463549,WA,6164
435,SUCCESS,2.017543859649123,3.929824561403509,2.017543859649123,582.4649122807018,2001.868421052632,21412.280701754386,2382.938596491228,2018,-32.1536587,115.8463549,WA,6964
436,SWAN VIEW,1.618556701030928,3.525773195876289,1.855670103092784,989.8453608247422,1984.8556701030927,19524.74226804124,4692.783505154639,2017,-31.8858539,116.0522873,WA,6056
437,SWANBOURNE,2.12,3.752,2.0,551.04,1984.592,8963.2,745.376,2016,-31.97106,115.7668042,WA,6010
438,TAPPING,2.0202020202020203,3.9292929292929295,2.055555555555556,587.7676767676768,2003.5353535353536,26568.68686868687,4346.969696969697,2018,-31.7172114,115.7952533,WA,6065
439,THE VINES,2.1375,4.00625,2.54375,1755.375,2001.24375,25579.5125,14889.43125,2018,-31.7582783,116.0024569,WA,6069
440,THORNLIE,1.693069306930693,3.613861386138614,1.9207920792079207,695.059405940594,1987.7920792079208,15350.49504950495,2161.762376237624,2018,-32.0570426,115.9527126,WA,6108
441,THORNLIE,1.693069306930693,3.613861386138614,1.9207920792079207,695.059405940594,1987.7920792079208,15350.49504950495,2161.762376237624,2018,-32.057869,115.9633053,WA,6988
442,TREEBY,2.0,4.0,2.0,400.5,2006.0,19550.0,1600.0,2019,-32.1218,115.895,WA,6164
443,TRIGG,1.911764705882353,3.610294117647059,2.044117647058824,744.6985294117648,1980.7573529411768,12944.85294117647,4644.85294117647,2016,-31.8736239,115.7604781,WA,6029
444,TUART HILL,1.511111111111111,3.066666666666667,1.7777777777777777,673.6666666666666,1988.9777777777776,6275.555555555556,2140.0,2018,-31.8965657,115.8355162,WA,6060
445,TUART HILL,1.511111111111111,3.066666666666667,1.7777777777777777,673.6666666666666,1988.9777777777776,6275.555555555556,2140.0,2018,-31.8965657,115.8355162,WA,6937
446,TUART HILL,1.511111111111111,3.066666666666667,1.7777777777777777,673.6666666666666,1988.9777777777776,6275.555555555556,2140.0,2018,-31.8965657,115.8355162,WA,6938
447,TUART HILL,1.511111111111111,3.066666666666667,1.7777777777777777,673.6666666666666,1988.9777777777776,6275.555555555556,2140.0,2018,-31.8965657,115.8355162,WA,6939
448,TUART HILL,1.511111111111111,3.066666666666667,1.7777777777777777,673.6666666666666,1988.9777777777776,6275.555555555556,2140.0,2018,-31.8965657,115.8355162,WA,6940
449,TWO ROCKS,1.7529411764705882,3.764705882352941,2.176470588235294,3118.8,1994.3294117647056,56401.17647058824,18248.235294117647,2017,-31.4847915,115.6273131,WA,6037
450,UPPER SWAN,1.868421052631579,3.973684210526316,2.1578947368421053,23501.947368421053,1980.842105263158,25897.36842105263,13810.526315789471,2009,-31.7731085,116.0277687,WA,6069
451,VICTORIA PARK,1.6363636363636365,3.1818181818181817,2.036363636363636,438.1454545454545,1973.4545454545453,4476.363636363636,1035.3454545454545,2018,-31.9750418,115.8977211,WA,6100
452,VICTORIA PARK,1.6363636363636365,3.1818181818181817,2.036363636363636,438.1454545454545,1973.4545454545453,4476.363636363636,1035.3454545454545,2018,-31.9750418,115.8977211,WA,6979
453,VIVEASH,1.648936170212766,3.478723404255319,1.7765957446808511,1889.7978723404256,1989.8191489361704,15601.063829787234,1466.372340425532,2012,-31.8759979,115.9988236,WA,6056
454,WAIKIKI,1.7536231884057971,3.659420289855072,1.8768115942028984,640.9130434782609,1996.0072463768115,41640.57971014493,1765.7898550724638,2019,-32.3154566,115.7530195,WA,6169
455,WALLISTON,1.5972222222222223,3.555555555555556,1.7083333333333333,2533.930555555556,1977.055555555556,20552.777777777777,10123.611111111111,2009,-31.9996083,116.0722425,WA,6076
456,WANDI,1.9690721649484535,3.690721649484536,2.237113402061856,3752.608247422681,2005.7525773195875,26706.18556701031,5351.546391752578,2016,-32.1928515,115.8807112,WA,6167
457,WANGARA,1.0,2.0,2.0,1320.0,2014.0,17600.0,5600.0,2015,-31.7915003,115.8281157,WA,6065
458,WANNEROO,1.870503597122302,3.841726618705036,2.2158273381294964,1343.3453237410072,1992.5107913669065,21997.122302158277,3367.625899280576,2018,-31.7572961,115.8064758,WA,6065
459,WANNEROO,1.870503597122302,3.841726618705036,2.2158273381294964,1343.3453237410072,1992.5107913669065,21997.122302158277,3367.625899280576,2018,-31.7572961,115.8064758,WA,6946
460,WARNBRO,1.7857142857142858,3.7142857142857135,1.9675324675324677,817.0584415584416,1989.9935064935064,44010.38961038961,1814.922077922078,2018,-32.3367629,115.7594984,WA,6169
462,WARWICK,1.6615384615384616,3.646153846153846,1.8153846153846156,762.2923076923076,1979.6307692307687,13587.692307692309,1059.9846153846154,2016,-31.8421345,115.8128004,WA,6024
465,WATERFORD,2.330508474576271,4.296610169491525,1.8983050847457628,696.5762711864406,1997.21186440678,7535.593220338983,3087.2881355932204,2014,-32.0144555,115.8896583,WA,6152
466,WATERMANS BAY,1.871794871794872,3.427350427350427,1.8376068376068373,796.7179487179487,1988.555555555556,15039.31623931624,3920.51282051282,2014,-31.8496,115.755,WA,6020
469,WATTLE GROVE,2.00531914893617,3.893617021276596,2.132978723404255,758.4255319148937,2004.835106382979,13364.36170212766,5215.95744680851,2017,-32.008154,115.9970025,WA,6107
471,WATTLEUP,1.6666666666666667,3.619047619047619,1.6666666666666667,13208.952380952382,1980.952380952381,24580.95238095238,6576.190476190476,2009,-32.1771063,115.8031196,WA,6166
472,WELLARD,2.010989010989011,3.78021978021978,2.6923076923076925,3751.835164835165,2004.571428571429,34848.35164835165,2018.56043956044,2018,-32.2632658,115.8629069,WA,6170
474,WELSHPOOL,2.0,4.0,0.0,655.0,1970.0,7300.0,467.0,2012,-31.991505,115.9497562,WA,6106
475,WEMBLEY,1.7727272727272727,3.333333333333333,1.7878787878787878,621.4848484848485,1969.6818181818185,4666.666666666667,1624.2727272727273,2019,-31.9343,115.82,WA,6014
476,WEMBLEY,1.7727272727272727,3.333333333333333,1.7878787878787878,621.4848484848485,1969.6818181818185,4666.666666666667,1624.2727272727273,2019,-31.9343,115.82,WA,6913
477,WEMBLEY DOWNS,2.102564102564102,3.726495726495727,2.0085470085470085,658.9230769230769,1987.692307692308,9029.91452991453,4300.854700854701,2017,-31.9133658,115.7727457,WA,6019
478,WEST LEEDERVILLE,1.8461538461538465,3.3076923076923075,1.8333333333333333,416.96153846153845,1965.0128205128208,2894.871794871795,504.3205128205128,2017,-31.9406909,115.8316845,WA,6007
479,WEST LEEDERVILLE,1.8461538461538465,3.3076923076923075,1.8333333333333333,416.96153846153845,1965.0128205128208,2894.871794871795,504.3205128205128,2017,-31.9406909,115.8316845,WA,6901
480,WEST PERTH,1.4782608695652173,2.391304347826087,1.173913043478261,850.2608695652174,1981.6521739130435,1613.0434782608695,732.1304347826087,2018,-31.9453285,115.8474335,WA,6005
481,WEST PERTH,1.4782608695652173,2.391304347826087,1.173913043478261,850.2608695652174,1981.6521739130435,1613.0434782608695,732.1304347826087,2018,-31.9453285,115.8474335,WA,6872
482,WEST SWAN,1.880952380952381,4.047619047619048,2.6666666666666665,14329.309523809525,1982.809523809524,16795.238095238095,4742.857142857143,2008,-31.8460686,115.9889019,WA,6055
483,WESTMINSTER,1.56,3.12,1.94,659.86,1991.68,9632.0,4396.0,2018,-31.8664257,115.8407834,WA,6061
484,WHITBY,2.0,3.75,2.0,483.0,1965.75,38925.0,14300.0,2017,-32.2826704,115.9964649,WA,6123
485,WHITE GUM VALLEY,1.676767676767677,3.414141414141414,2.212121212121212,611.4646464646464,1977.9292929292928,14716.161616161617,2536.3636363636365,2016,-32.0613542,115.7682039,WA,6162
486,WILLAGEE,1.6421052631578947,3.294736842105263,1.873684210526316,598.5578947368421,1985.042105263158,12249.473684210529,4570.526315789473,2018,-32.0524713,115.8022559,WA,6156
487,WILLETTON,1.7049180327868851,3.672131147540984,1.6885245901639343,736.7868852459017,1983.0983606557377,11788.524590163934,3429.5081967213114,2019,-32.0487802,115.8921493,WA,6155
488,WILLETTON,1.7049180327868851,3.672131147540984,1.6885245901639343,736.7868852459017,1983.0983606557377,11788.524590163934,3429.5081967213114,2019,-32.0488,115.892,WA,6955
489,WILSON,1.7142857142857142,3.415584415584416,1.6103896103896105,686.8701298701299,1987.9610389610389,9050.64935064935,2958.4415584415583,2017,-32.0196984,115.9116119,WA,6107
490,WINTHROP,2.1927710843373496,4.265060240963855,2.072289156626506,746.6385542168674,1988.7590361445784,11554.21686746988,2654.21686746988,2016,-32.0517894,115.8297179,WA,6150
491,WOODBRIDGE,1.6554621848739497,3.2521008403361344,1.907563025210084,712.0252100840336,1975.571428571429,14546.218487394955,349.1344537815126,2012,-31.891243,115.9928975,WA,6056
496,WOODLANDS,1.9789473684210528,3.673684210526316,2.221052631578947,672.7789473684211,1986.368421052632,8103.157894736842,2085.2631578947367,2016,-31.9089392,115.7925911,WA,6018
498,WOODVALE,1.9696969696969695,3.909090909090909,1.878787878787879,676.070707070707,1992.121212121212,19164.646464646463,1395.080808080808,2018,-31.7945139,115.796097,WA,6026
499,WOOROLOO,1.6274509803921569,3.843137254901961,2.1372549019607843,25639.33333333333,1979.4117647058824,45864.705882352944,30943.13725490196,2011,-31.8029829,116.3131356,WA,6558
500,WUNGONG,2.0,4.55,2.3,13453.0,1979.8,29425.0,3140.0,2010,-32.1819203,116.0039586,WA,6112
501,YANCHEP,1.915254237288136,3.7033898305084745,1.8983050847457628,583.1186440677966,2004.9322033898304,49919.49152542373,11678.813559322034,2019,-31.536528,115.7338502,WA,6035
502,YANGEBUP,1.628787878787879,3.643939393939394,1.7424242424242424,662.7954545454545,1992.5757575757573,19523.484848484848,4505.30303030303,2018,-32.1218097,115.8082495,WA,6164
503,YOKINE,1.6111111111111112,3.240740740740741,1.7777777777777777,546.7037037037037,1993.0925925925928,6005.555555555556,3353.703703703704,2019,-31.9014963,115.8494185,WA,6060
