SUBURB,Mean BATHROOMS,Mean BEDROOMS,Mean GARAGE,Mean LAND_AREA,Mean BUILD_YEAR,Mean CBD_DIST,Mean STATION DISTANCE,Mean SELL DATE
ALEXANDER HEIGHTS,1.8515625,3.7890625,2.140625,627.703125,1991.8515625,13968.75,7085.9375,2017
ALFRED COVE,1.7916666666666667,3.5083333333333333,1.9833333333333334,616.7416666666667,1989.6416666666667,9787.958333333334,3881.133333333333,2016
ALKIMOS,1.9736842105263157,3.6315789473684212,1.8771929824561404,9031.622807017544,2009.9298245614036,40705.26315789474,2512.4561403508774,2019
ANKETELL,2.1052631578947367,4.157894736842105,2.736842105263158,21029.36842105263,1997.2631578947369,29368.42105263158,4005.2631578947367,2011
APPLECROSS,2.3037974683544302,3.7848101265822787,2.3544303797468356,777.0126582278481,1988.6708860759493,7141.772151898735,1811.6708860759493,2018
ARDROSS,2.0661157024793386,3.727272727272727,2.0082644628099175,542.9090909090909,1991.4297520661157,8528.099173553719,2404.1322314049585,2017
ARMADALE,1.1746031746031746,3.2222222222222223,1.5714285714285714,838.2222222222222,1981.1587301587301,25782.539682539682,1082.4444444444443,2019
ASCOT,2.0,3.566666666666667,2.091666666666667,687.2583333333333,1994.7416666666666,6890.0,2303.3333333333335,2016
ASHBY,1.9887640449438202,3.758426966292135,1.9943820224719102,513.3876404494382,2005.6685393258426,24733.76404494382,3236.4157303370785,2015
ASHFIELD,1.5670731707317074,3.347560975609756,1.8170731707317074,646.1158536585366,1984.3475609756097,8398.780487804877,600.0914634146342,2012
ATTADALE,2.1842105263157894,3.754385964912281,1.9649122807017543,775.2719298245614,1983.7456140350878,9911.40350877193,4585.964912280701,2018
ATWELL,1.9692307692307693,3.8,1.958974358974359,594.1589743589743,2000.7794871794872,21368.71794871795,2245.702564102564,2018
AUBIN GROVE,2.037037037037037,3.919753086419753,2.308641975308642,562.3518518518518,2005.5617283950617,24174.69135802469,4954.938271604939,2017
AVELEY,1.9932432432432432,3.77027027027027,2.0945945945945947,20786.864864864863,2006.3986486486488,22337.837837837837,12284.45945945946,2019
BALCATTA,1.647887323943662,3.1971830985915495,1.7605633802816902,723.0704225352113,1989.4788732394366,8836.61971830986,2769.0140845070423,2018
BALDIVIS,2.0,3.8703703703703702,1.8888888888888888,1434.148148148148,2004.9907407407406,43297.22222222222,4758.333333333333,2020
BALGA,1.5344827586206897,3.1551724137931036,1.7241379310344827,518.8103448275862,1989.1896551724137,11086.206896551725,4317.241379310345,2018
BALLAJURA,1.7681159420289856,3.7753623188405796,2.0144927536231885,645.036231884058,1991.4057971014493,12827.536231884058,8490.579710144928,2018
BANJUP,2.1875,4.1875,4.46875,20072.15625,1991.1875,22737.5,4262.5,2016
BANKSIA GROVE,1.9337349397590362,3.6204819277108435,2.0120481927710845,491.17469879518075,2007.210843373494,28821.68674698795,6093.975903614458,2018
BASKERVILLE,2.2,4.1,2.3,52488.6,1990.65,25075.0,11635.0,2007
BASSENDEAN,1.6210526315789473,3.263157894736842,1.7473684210526317,754.8105263157895,1980.7263157894736,9948.421052631578,741.5578947368421,2019
BATEMAN,1.9406779661016949,3.864406779661017,2.0762711864406778,728.4067796610169,1985.8559322033898,11560.169491525423,815.9237288135594,2016
BAYSWATER,1.5833333333333333,3.2395833333333335,1.84375,636.0625,1977.3958333333333,6442.708333333333,882.5625,2019
BEACONSFIELD,1.8333333333333333,3.4035087719298245,2.0789473684210527,653.061403508772,1974.9298245614036,15525.368421052632,2824.4561403508774,2017
BECKENHAM,1.4428571428571428,3.357142857142857,2.242857142857143,794.2571428571429,1981.9714285714285,12477.142857142857,1155.3285714285714,2017
BEDFORD,1.6896551724137931,3.2758620689655173,1.9885057471264367,618.4252873563219,1977.2988505747126,5639.080459770115,1908.6436781609195,2017
BEDFORDALE,2.1015625,4.09375,3.078125,10510.578125,1996.1328125,30125.78125,4684.375,2016
BEECHBORO,1.3364485981308412,3.4205607476635516,2.4205607476635516,714.3457943925233,1985.8878504672898,12041.121495327103,4331.77570093458,2017
BEELIAR,1.9876543209876543,3.8395061728395063,2.0925925925925926,616.0061728395061,2003.537037037037,20643.20987654321,4545.061728395061,2018
BELDON,1.3986928104575163,3.5294117647058822,1.4379084967320261,706.1176470588235,1985.0,21660.13071895425,1481.5947712418301,2016
BELHUS,1.9722222222222223,4.138888888888889,2.4444444444444446,14405.361111111111,1994.0833333333333,24122.222222222223,12972.222222222223,2008
BELLEVUE,1.2660550458715596,3.1009174311926606,1.6788990825688073,884.1100917431193,1977.3119266055046,17438.532110091743,3380.733944954128,2014
BELMONT,1.6712328767123288,3.4657534246575343,1.9726027397260273,761.945205479452,1985.027397260274,7050.6164383561645,3606.7123287671234,2017
BENNETT SPRINGS,2.023696682464455,3.981042654028436,2.1658767772511847,803.1516587677725,2000.3649289099526,12609.478672985782,5701.895734597157,2016
BENTLEY,1.9135802469135803,3.567901234567901,2.074074074074074,701.7530864197531,1987.8024691358025,8274.074074074075,1756.3827160493827,2017
BERTRAM,2.012987012987013,3.8095238095238093,2.090909090909091,533.3116883116883,2004.8961038961038,32903.4632034632,1453.060606060606,2017
BIBRA LAKE,1.8059701492537314,3.783582089552239,1.8059701492537314,663.9850746268656,1992.7686567164178,16123.880597014926,3786.5671641791046,2017
BICKLEY,1.9545454545454546,3.727272727272727,2.1515151515151514,14979.59090909091,1971.5454545454545,22793.939393939392,11656.060606060606,2008
BICTON,1.8831168831168832,3.6623376623376624,2.220779220779221,735.6753246753246,1984.025974025974,10884.415584415585,3270.12987012987,2018
BOORAGOON,2.0543478260869565,3.8369565217391304,2.1847826086956523,811.3152173913044,1983.9565217391305,10063.04347826087,2109.782608695652,2017
BOYA,1.6868686868686869,3.4646464646464645,1.6363636363636365,2307.838383838384,1976.5959595959596,18818.18181818182,5754.545454545455,2011
BRABHAM,1.9682539682539681,3.5555555555555554,2.015873015873016,530.6190476190476,2004.4603174603174,18195.238095238095,8888.888888888889,2018
BRENTWOOD,1.6985294117647058,3.3088235294117645,1.7279411764705883,645.7279411764706,1994.2279411764705,10208.088235294117,579.7279411764706,2015
BRIGADOON,2.0679611650485437,4.077669902912621,2.1262135922330097,21812.70873786408,1999.6407766990292,27930.09708737864,14154.368932038835,2010
BROOKDALE,1.767605633802817,3.732394366197183,1.9788732394366197,562.9507042253521,2000.4154929577464,27662.676056338027,1920.4225352112676,2015
BULL CREEK,1.9885057471264367,4.011494252873563,2.103448275862069,707.4827586206897,1983.2183908045977,11710.344827586207,1257.9770114942528,2017
BULLSBROOK,1.8282828282828283,3.757575757575758,1.8080808080808082,18141.161616161615,1994.828282828283,37091.919191919194,26133.333333333332,2017
BURNS BEACH,2.3181818181818183,4.166666666666667,2.212121212121212,566.9090909090909,2007.621212121212,28253.030303030304,2369.6969696969695,2017
BURSWOOD,2.0285714285714285,3.5142857142857142,1.8,557.7714285714286,1989.4,3908.5714285714284,473.2857142857143,2016
BUTLER,1.9420289855072463,3.5893719806763285,1.8888888888888888,474.4927536231884,2006.7826086956522,37368.59903381643,1233.1159420289855,2019
BYFORD,1.9426229508196722,3.877049180327869,2.057377049180328,808.4016393442623,2008.2540983606557,32390.983606557376,7675.4098360655735,2019
CALISTA,1.2043795620437956,3.153284671532847,1.781021897810219,788.4087591240876,1976.8321167883212,33128.46715328467,2211.6788321167883,2014
CAMILLO,1.2923076923076924,3.423076923076923,1.9846153846153847,689.8384615384615,1981.9538461538461,22453.076923076922,1289.823076923077,2016
CANNING VALE,2.019230769230769,3.967948717948718,1.8076923076923077,700.25,1999.025641025641,16023.076923076924,4865.384615384615,2019
CANNINGTON,1.7619047619047619,3.2738095238095237,2.011904761904762,740.0119047619048,1990.3095238095239,9970.238095238095,817.297619047619,2016
CARABOODA,2.3333333333333335,4.523809523809524,2.9523809523809526,35544.90476190476,1987.6666666666667,41419.04761904762,4409.523809523809,2010
CARDUP,1.860759493670886,3.9367088607594938,2.3544303797468356,16395.3417721519,1998.746835443038,34940.50632911392,11158.227848101265,2012
CARINE,1.9915966386554622,3.9159663865546217,1.9663865546218486,730.3277310924369,1983.5210084033613,13472.268907563026,1904.546218487395,2017
CARLISLE,1.6666666666666667,3.1666666666666665,2.141025641025641,523.1410256410256,1987.7307692307693,6348.717948717948,763.1282051282051,2018
CARMEL,1.8461538461538463,3.9423076923076925,2.1923076923076925,19412.98076923077,1979.2115384615386,23250.0,10842.307692307691,2008
CARRAMAR,2.0288461538461537,4.0048076923076925,2.1009615384615383,808.4471153846154,2001.2163461538462,28093.26923076923,4071.153846153846,2018
CASUARINA,1.9605263157894737,3.9342105263157894,2.473684210526316,14438.276315789473,1991.421052631579,31636.842105263157,3186.842105263158,2008
CAVERSHAM,1.9583333333333333,3.7430555555555554,2.25,1805.8402777777778,2002.3958333333333,13854.166666666666,3491.6666666666665,2017
CHAMPION LAKES,1.874074074074074,3.4962962962962965,1.8,2727.474074074074,2007.1851851851852,22089.62962962963,2201.4814814814813,2013
CHIDLOW,1.5754716981132075,3.4716981132075473,2.30188679245283,12956.433962264151,1983.5,40171.698113207545,25570.754716981133,2013
CHURCHLANDS,2.340909090909091,3.946969696969697,2.053030303030303,860.5151515151515,1997.4166666666667,7098.484848484848,3059.848484848485,2016
CITY BEACH,2.2884615384615383,4.0576923076923075,2.3333333333333335,860.0384615384615,1977.7884615384614,9414.102564102564,5674.358974358975,2017
CLAREMONT,2.015873015873016,3.3492063492063493,2.0793650793650795,551.5714285714286,1982.2380952380952,7803.174603174603,610.2698412698413,2018
CLARKSON,1.8764705882352941,3.6411764705882352,1.8705882352941177,967.2058823529412,2002.7588235294118,32309.41176470588,1530.9176470588236,2019
CLOVERDALE,1.6857142857142857,3.3142857142857145,2.442857142857143,659.3,1986.0285714285715,8300.0,4515.714285714285,2018
COCKBURN CENTRAL,1.9696969696969697,3.1818181818181817,1.7878787878787878,1185.3030303030303,2003.3939393939395,19427.272727272728,850.2424242424242,2016
COMO,1.95,3.566666666666667,2.2,728.3666666666667,1984.8833333333334,5128.333333333333,1802.25,2019
CONNOLLY,2.104,3.976,2.112,990.352,1992.224,24886.4,1770.232,2016
COOGEE,2.1526717557251906,3.954198473282443,2.595419847328244,670.6030534351145,1996.2671755725191,20308.396946564884,7719.847328244275,2017
COOLBELLUP,1.391304347826087,3.282608695652174,1.858695652173913,646.554347826087,1979.1521739130435,15147.826086956522,4486.95652173913,2017
COOLBINIA,1.822695035460993,3.4609929078014185,2.00709219858156,767.6524822695036,1969.099290780142,4241.843971631206,2911.3475177304963,2013
COOLOONGUP,1.446969696969697,3.5454545454545454,1.6818181818181819,726.060606060606,1987.659090909091,39328.78787878788,1022.1590909090909,2018
COTTESLOE,2.0434782608695654,3.3043478260869565,1.7536231884057971,622.6521739130435,1968.6521739130435,10357.971014492754,502.94202898550725,2018
CRAIGIE,1.2340425531914894,3.372340425531915,1.5319148936170213,789.0957446808511,1980.8085106382978,20470.212765957447,1802.8617021276596,2018
CRAWLEY,1.4545454545454546,2.9545454545454546,1.3636363636363635,445.27272727272725,1980.3636363636363,5023.409090909091,3450.0,2015
CURRAMBINE,2.0224719101123596,3.859550561797753,1.9438202247191012,669.7921348314607,1997.8370786516855,26636.516853932586,1105.241573033708,2018
DAGLISH,1.7373737373737375,3.202020202020202,1.9393939393939394,690.2323232323232,1962.6969696969697,4616.161616161616,468.52525252525254,2013
DALKEITH,2.287671232876712,4.013698630136986,2.095890410958904,947.8219178082192,1965.1780821917807,7454.7945205479455,3032.876712328767,2016
DARCH,2.0248756218905473,3.9203980099502487,2.029850746268657,544.9154228855722,2006.1791044776119,15585.074626865671,5956.7164179104475,2017
DARLING DOWNS,2.0588235294117645,4.205882352941177,3.1470588235294117,18302.352941176472,1994.1911764705883,29932.352941176472,4801.470588235294,2014
DARLINGTON,1.9076923076923078,3.753846153846154,2.2846153846153845,2529.630769230769,1973.7769230769231,21028.46153846154,7653.076923076923,2017
DAYTON,1.9864864864864864,3.445945945945946,2.027027027027027,834.1621621621622,2008.8918918918919,15020.27027027027,4609.459459459459,2016
DIANELLA,1.8513513513513513,3.527027027027027,1.7972972972972974,659.0,1988.9594594594594,7275.675675675676,5004.054054054054,2019
DOUBLEVIEW,1.8229166666666667,3.34375,2.0208333333333335,513.6145833333334,1986.3333333333333,9619.791666666666,2237.5,2019
DUNCRAIG,1.8387096774193548,3.795698924731183,1.946236559139785,710.0,1982.6559139784947,15490.322580645161,1550.4516129032259,2019
EAST CANNINGTON,1.7964601769911503,3.7168141592920354,2.256637168141593,773.4690265486726,1993.1061946902655,11264.601769911504,1480.132743362832,2016
EAST FREMANTLE,1.82,3.43,2.04,807.29,1962.81,13095.0,1909.79,2018
EAST PERTH,1.6363636363636365,2.5454545454545454,1.5454545454545454,1363.7272727272727,1997.1818181818182,1590.909090909091,603.7272727272727,2019
EAST VICTORIA PARK,1.6292134831460674,3.269662921348315,2.067415730337079,526.0,1970.112359550562,5811.23595505618,1348.685393258427,2018
EDEN HILL,1.4591836734693877,3.2857142857142856,2.7142857142857144,897.2551020408164,1979.7755102040817,10582.65306122449,1515.8367346938776,2016
EDGEWATER,1.8416666666666666,3.808333333333333,1.8916666666666666,788.7083333333334,1986.0583333333334,22014.166666666668,1127.2,2016
EGLINTON,1.9342105263157894,3.6052631578947367,1.605263157894737,643.421052631579,2011.171052631579,43557.89473684211,5310.526315789473,2017
ELLENBROOK,1.9419354838709677,3.825806451612903,2.0,566.2967741935483,2002.4967741935484,22374.83870967742,13577.41935483871,2019
EMBLETON,1.5858585858585859,3.2222222222222223,1.9393939393939394,587.020202020202,1983.7575757575758,7238.383838383838,1777.7777777777778,2016
FERNDALE,1.5083333333333333,3.55,2.283333333333333,1016.45,1978.8833333333334,10787.5,3127.5,2016
FLOREAT,2.1811023622047245,3.921259842519685,2.1496062992125986,798.0472440944882,1972.6614173228347,6300.787401574803,3100.787401574803,2018
FORRESTDALE,1.5666666666666667,3.783333333333333,2.3833333333333333,9635.2,1984.6166666666666,23650.0,6835.0,2013
FORRESTFIELD,1.6355932203389831,3.559322033898305,1.728813559322034,913.1271186440678,1991.7118644067796,14312.71186440678,7777.966101694915,2019
FREMANTLE,1.5774647887323943,3.0985915492957745,1.7746478873239437,566.6760563380282,1967.4929577464789,14718.30985915493,1653.0704225352113,2019
GIDGEGANNUP,1.9540229885057472,3.8620689655172415,2.942528735632184,73836.6091954023,1994.896551724138,35675.862068965514,20721.83908045977,2015
GIRRAWHEEN,1.1702127659574468,3.223404255319149,1.6914893617021276,1253.3510638297873,1975.9787234042553,12518.08510638298,4159.574468085107,2017
GLEN FORREST,1.7482014388489209,3.647482014388489,2.647482014388489,4043.4892086330933,1981.1654676258993,23592.086330935253,9948.920863309353,2015
GLENDALOUGH,1.28,2.64,1.48,4996.84,1986.84,5176.0,623.56,2015
GNANGARA,2.176470588235294,4.352941176470588,2.588235294117647,14153.137254901962,1995.0196078431372,19407.843137254902,7440.196078431372,2007
GOLDEN BAY,1.8395061728395061,3.617283950617284,2.0246913580246915,831.1604938271605,1998.8024691358025,53541.97530864197,10804.938271604939,2018
GOOSEBERRY HILL,2.116788321167883,3.854014598540146,2.394160583941606,3074.197080291971,1982.7518248175184,17748.17518248175,8188.321167883211,2016
GOSNELLS,1.5402298850574712,3.471264367816092,1.8505747126436782,719.7931034482758,1986.2298850574712,18903.44827586207,1556.5632183908046,2019
GREENMOUNT,1.5724637681159421,3.5652173913043477,2.0579710144927534,1417.840579710145,1978.0289855072465,19061.594202898552,4719.565217391304,2015
GREENWOOD,1.5294117647058822,3.5294117647058822,1.8403361344537814,731.7647058823529,1977.9747899159663,14821.008403361344,1982.3781512605042,2018
GUILDFORD,1.5443037974683544,3.2151898734177213,2.1835443037974684,731.1582278481013,1942.7848101265822,11792.183544303798,643.506329113924,2015
GWELUP,2.0655737704918034,3.7923497267759565,2.0491803278688523,540.8360655737705,1999.4153005464482,10906.557377049181,2286.3387978142077,2017
HAMERSLEY,1.5867768595041323,3.6115702479338845,1.8925619834710743,744.5206611570248,1976.9504132231405,12210.743801652892,1649.9504132231405,2017
HAMILTON HILL,1.435897435897436,3.1538461538461537,2.0,780.0769230769231,1977.6666666666667,16261.538461538461,5069.2307692307695,2019
HAMMOND PARK,1.9622641509433962,3.811320754716981,1.9528301886792452,937.1698113207547,2007.877358490566,23719.811320754718,4555.66037735849,2018
HARRISDALE,2.0268456375838926,3.785234899328859,2.140939597315436,501.4161073825503,2009.9127516778524,19996.644295302012,6779.798657718121,2018
HAYNES,1.626086956521739,3.5565217391304347,1.191304347826087,2422.278260869565,2010.3739130434783,23056.08695652174,2522.521739130435,2013
HAZELMERE,1.4430379746835442,3.3544303797468356,1.9620253164556962,4117.772151898735,1977.506329113924,13830.379746835442,1326.0,2008
HEATHRIDGE,1.4765625,3.578125,1.6484375,694.7265625,1986.40625,23121.09375,1918.1171875,2018
HELENA VALLEY,1.9289940828402368,3.911242603550296,2.2958579881656807,1720.3254437869823,1996.7455621301774,16970.414201183434,4134.91124260355,2016
HENLEY BROOK,2.0392156862745097,3.950980392156863,2.3872549019607843,4393.656862745098,2000.3774509803923,20266.176470588234,10630.882352941177,2014
HERNE HILL,1.4912280701754386,3.5,1.9473684210526316,16933.298245614034,1978.780701754386,21040.122807017542,7532.096491228071,2010
HIGH WYCOMBE,1.7073170731707317,3.6890243902439024,1.9085365853658536,680.0670731707318,1993.560975609756,13943.292682926829,5373.170731707317,2018
HIGHGATE,1.4210526315789473,2.789473684210526,1.394736842105263,906.7631578947369,1963.421052631579,1776.3157894736842,797.1578947368421,2016
HILBERT,1.9659090909090908,3.715909090909091,2.0568181818181817,1157.465909090909,2006.715909090909,27365.909090909092,3363.6363636363635,2016
HILLARYS,1.9577464788732395,3.8028169014084505,1.8450704225352113,672.3521126760563,1993.0774647887324,19410.563380281692,3710.56338028169,2019
HILLMAN,1.2413793103448276,3.396551724137931,1.4827586206896552,730.5747126436781,1976.9827586206898,37948.85057471264,829.948275862069,2013
HILTON,1.4408602150537635,3.150537634408602,1.8279569892473118,615.741935483871,1971.967741935484,14625.806451612903,4324.731182795699,2017
HOCKING,1.9508196721311475,3.907103825136612,1.9726775956284153,602.4098360655738,2002.6284153005465,20612.021857923497,3843.1693989071036,2018
HOPE VALLEY,1.6666666666666667,3.3333333333333335,0.6666666666666666,18442.5,1985.3333333333333,26250.0,5833.333333333333,2002
HOPELAND,1.85,3.75,1.65,170135.05,1993.95,47825.0,12640.0,2006
HOVEA,1.93,3.74,2.18,19098.48,1983.79,25132.0,10686.0,2006
HUNTINGDALE,1.6972972972972973,3.708108108108108,2.135135135135135,642.027027027027,1992.7675675675675,17534.054054054053,3707.5675675675675,2017
ILUKA,2.169811320754717,4.15566037735849,2.0141509433962264,645.5801886792453,2003.0896226415093,27033.962264150945,2324.056603773585,2018
INGLEWOOD,1.6956521739130435,3.1826086956521737,1.8434782608695652,536.6695652173913,1967.8434782608695,4520.869565217391,1490.0695652173913,2018
INNALOO,1.65,3.1,1.8333333333333333,363.93333333333334,1995.0,9150.0,1178.2833333333333,2018
JANDABUP,1.8846153846153846,4.0,2.8076923076923075,28412.5,1995.2307692307693,23192.30769230769,7369.2307692307695,2004
JANDAKOT,2.2333333333333334,4.038888888888889,2.2222222222222223,1990.8222222222223,1998.3333333333333,16771.11111111111,2593.3333333333335,2015
JANE BROOK,1.9751243781094527,3.945273631840796,2.218905472636816,689.681592039801,2001.766169154229,20767.66169154229,5797.512437810945,2016
JARRAHDALE,1.8166666666666667,3.7083333333333335,2.575,6901.108333333334,1987.6666666666667,46712.5,20871.666666666668,2014
JINDALEE,2.0458715596330275,3.81651376146789,1.9908256880733946,509.0091743119266,2008.8623853211009,37608.25688073395,1707.3394495412845,2017
JOLIMONT,1.8360655737704918,3.3278688524590163,1.9180327868852458,834.983606557377,1978.032786885246,4677.049180327869,783.0983606557377,2014
JOONDALUP,1.9259259259259258,3.5555555555555554,1.8240740740740742,720.4166666666666,1996.537037037037,26201.85185185185,1139.861111111111,2018
JOONDANNA,1.6024096385542168,3.1566265060240966,1.9156626506024097,590.722891566265,1982.3493975903614,5122.891566265061,1489.3493975903614,2017
KALAMUNDA,1.811764705882353,3.7058823529411766,2.176470588235294,1898.1411764705883,1978.9058823529413,18612.941176470587,10083.529411764706,2018
KALLAROO,2.0069444444444446,3.888888888888889,1.9305555555555556,758.5138888888889,1985.5902777777778,21108.333333333332,3597.222222222222,2017
KARAWARA,1.8294117647058823,3.8294117647058825,1.911764705882353,620.964705882353,1993.6764705882354,6582.35294117647,2475.294117647059,2011
KARDINYA,2.0,3.8656716417910446,2.1492537313432836,707.6417910447761,1988.2238805970148,13186.567164179105,3332.8358208955224,2018
KARNUP,1.9848484848484849,3.8181818181818183,2.787878787878788,13890.727272727272,2004.090909090909,52665.15151515151,9260.60606060606,2014
KARRAGULLEN,1.6818181818181819,3.727272727272727,1.6363636363636365,25005.863636363636,1989.0,28895.454545454544,9256.818181818182,2007
KARRINYUP,1.9655172413793103,3.560344827586207,1.9482758620689655,619.5258620689655,1988.9310344827586,11515.51724137931,2962.9310344827586,2018
KELMSCOTT,1.6283185840707965,3.47787610619469,2.0442477876106193,2058.380530973451,1984.58407079646,24045.132743362832,1069.2477876106195,2018
KENSINGTON,1.7876712328767124,3.404109589041096,2.1232876712328768,615.5068493150685,1958.2808219178082,4076.027397260274,2793.8356164383563,2016
KENWICK,1.6,3.6133333333333333,2.026666666666667,983.9266666666666,1989.7133333333334,14919.333333333334,1307.9466666666667,2016
KEWDALE,1.6235294117647059,3.376470588235294,1.811764705882353,667.3294117647059,1990.8,7502.35294117647,2581.176470588235,2017
KEYSBROOK,1.6666666666666667,3.3333333333333335,2.111111111111111,105824.11111111111,1964.888888888889,58011.11111111111,32400.0,2010
KIARA,1.6666666666666667,3.6666666666666665,2.0952380952380953,636.8095238095239,1993.3537414965986,10817.00680272109,2831.9727891156463,2013
KINGSLEY,1.811764705882353,3.8705882352941177,1.9176470588235295,696.0588235294117,1985.5058823529412,16852.941176470587,1528.2117647058824,2019
KINROSS,2.0068965517241377,3.9931034482758623,2.0,626.3862068965517,1995.6896551724137,28533.793103448275,1545.2206896551725,2018
KOONDOOLA,1.0909090909090908,3.2587412587412588,1.8601398601398602,723.7482517482517,1978.7552447552448,12220.279720279721,6232.867132867133,2015
KOONGAMIA,1.1151079136690647,2.79136690647482,1.330935251798561,738.2877697841726,1968.611510791367,18060.43165467626,4287.769784172662,2010
KWINANA BEACH,1.0,3.0,2.0,92333.0,1970.0,33400.0,3300.0,1989
KWINANA TOWN CENTRE,1.7647058823529411,3.0,1.0588235294117647,203.7941176470588,2014.9705882352941,32558.823529411766,2405.8823529411766,2013
LANDSDALE,2.0,4.018987341772152,1.8924050632911393,563.867088607595,2005.0189873417721,16000.0,7674.050632911392,2019
LANGFORD,1.5,3.507042253521127,1.8098591549295775,646.9929577464789,1987.8028169014085,12501.408450704226,1468.1408450704225,2016
LATHLAIN,1.625,3.3472222222222223,2.5416666666666665,628.4027777777778,1977.736111111111,4804.166666666667,591.8611111111111,2016
LEDA,1.8,3.7625,1.9,597.75,2000.55,35061.25,1087.925,2015
LEEDERVILLE,1.8181818181818181,3.0,1.8636363636363635,402.0,1978.2272727272727,2945.4545454545455,995.7272727272727,2017
LEEMING,2.0194174757281553,4.029126213592233,2.1650485436893203,721.9320388349514,1987.495145631068,13618.446601941747,1897.7475728155339,2018
LESMURDIE,1.815126050420168,3.9831932773109244,2.672268907563025,1703.7731092436975,1978.6470588235295,19175.63025210084,8589.915966386554,2017
LOCKRIDGE,1.3311258278145695,3.2317880794701987,1.8344370860927153,644.7880794701987,1981.8145695364237,11608.609271523179,2176.158940397351,2015
LYNWOOD,1.4095238095238096,3.3142857142857145,1.9047619047619047,820.7142857142857,1981.4857142857143,11750.47619047619,2468.5714285714284,2016
MADDINGTON,1.4883720930232558,3.441860465116279,1.7325581395348837,945.5930232558139,1988.953488372093,17256.976744186046,1727.5697674418604,2018
MADELEY,2.036363636363636,3.806060606060606,2.16969696969697,588.4787878787879,2006.0545454545454,16272.121212121212,4181.212121212121,2018
MAHOGANY CREEK,1.7480314960629921,3.52755905511811,1.7480314960629921,6179.188976377953,1982.283464566929,26608.661417322834,12795.27559055118,2007
MAIDA VALE,1.9166666666666667,3.911111111111111,2.611111111111111,2024.4222222222222,1993.0944444444444,15280.0,7178.888888888889,2017
MANNING,1.9271523178807948,3.642384105960265,2.0596026490066226,620.4966887417219,1992.9735099337747,6903.311258278146,1416.23178807947,2017
MARANGAROO,1.6890756302521008,3.73109243697479,1.9243697478991597,832.1512605042017,1992.1764705882354,14069.747899159664,4950.420168067227,2018
MARDELLA,1.819672131147541,4.032786885245901,2.098360655737705,32698.016393442624,1997.672131147541,41386.88524590164,16980.32786885246,2008
MARIGINIUP,2.0683760683760686,4.153846153846154,2.2564102564102564,18622.017094017094,1992.837606837607,27517.94871794872,9071.794871794871,2005
MARMION,2.120567375886525,3.851063829787234,2.2624113475177303,830.8794326241135,1988.3758865248226,15654.609929078015,3721.276595744681,2014
MARTIN,1.6486486486486487,3.689189189189189,2.2162162162162162,7086.148648648648,1985.2567567567567,20083.783783783783,1627.972972972973,2013
MAYLANDS,1.7538461538461538,3.1384615384615384,1.6,637.5846153846154,1984.2923076923078,4486.723076923077,1124.2615384615385,2019
MEDINA,1.1764705882352942,2.9411764705882355,1.546218487394958,762.8319327731092,1962.5042016806722,31792.436974789915,3428.5714285714284,2015
MELVILLE,1.6981132075471699,3.4056603773584904,1.9433962264150944,638.8679245283018,1982.5754716981132,11207.547169811322,4733.962264150943,2018
MENORA,1.8,3.5636363636363635,2.0484848484848484,820.030303030303,1960.1272727272728,3656.3636363636365,3124.242424242424,2012
MERRIWA,1.8398058252427185,3.7475728155339807,2.3446601941747574,580.9514563106796,1998.5970873786407,35000.48543689321,3194.660194174757,2017
MIDDLE SWAN,1.5608108108108107,3.4121621621621623,1.7094594594594594,2231.425675675676,1987.3918918918919,17700.0,2945.945945945946,2014
MIDLAND,1.5081967213114753,2.9508196721311477,1.6885245901639345,1064.4426229508197,1977.016393442623,16372.131147540984,1472.5737704918033,2016
MIDVALE,1.2727272727272727,3.101010101010101,1.606060606060606,872.1717171717172,1976.7777777777778,17169.696969696968,2267.6767676767677,2014
MILLENDON,1.8333333333333333,3.8333333333333335,2.1944444444444446,28231.027777777777,1982.861111111111,23269.444444444445,9794.444444444445,2007
MINDARIE,2.1674641148325358,4.033492822966507,1.9665071770334928,644.1196172248804,2000.11004784689,32870.33492822966,3037.799043062201,2018
MIRRABOOKA,1.410071942446043,3.5899280575539567,1.7050359712230216,670.4604316546763,1989.6402877697842,10631.654676258993,6882.014388489209,2016
MORLEY,1.4179104477611941,3.1940298507462686,1.671641791044776,765.4029850746268,1982.7313432835822,8552.23880597015,3798.507462686567,2019
MOSMAN PARK,1.9405940594059405,3.603960396039604,1.811881188118812,592.4455445544554,1975.7029702970297,11352.475247524753,979.1089108910891,2018
MOUNT CLAREMONT,2.096296296296296,3.688888888888889,2.0592592592592593,830.8518518518518,1991.7407407407406,7344.444444444444,1347.3333333333333,2017
MOUNT HAWTHORN,1.644859813084112,3.1682242990654204,1.7570093457943925,487.01869158878503,1956.588785046729,4220.560747663551,1400.588785046729,2018
MOUNT HELENA,1.6687898089171975,3.732484076433121,2.5477707006369426,10337.649681528663,1988.0063694267517,34403.82165605095,19901.910828025477,2015
MOUNT LAWLEY,1.6282051282051282,3.230769230769231,1.8461538461538463,681.2435897435897,1954.0,2882.051282051282,946.3846153846154,2019
MOUNT NASURA,1.6814814814814816,3.562962962962963,2.3555555555555556,1372.1925925925925,1982.562962962963,25945.185185185186,1358.2740740740742,2015
MOUNT PLEASANT,2.185185185185185,3.7685185185185186,1.9537037037037037,554.3703703703703,1990.2314814814815,8569.444444444445,1558.3148148148148,2018
MOUNT RICHON,1.8854961832061068,3.8091603053435112,2.4427480916030535,1809.2900763358778,1988.6335877862596,27688.549618320612,1141.1145038167938,2014
MULLALOO,1.9477611940298507,3.8208955223880596,1.9701492537313432,745.5671641791045,1985.8880597014925,22152.238805970148,3330.597014925373,2017
MUNDARING,1.8592592592592592,3.740740740740741,2.4296296296296296,4799.214814814814,1989.0592592592593,29673.333333333332,15736.296296296296,2016
MUNDIJONG,1.536,3.368,1.784,4376.648,1985.824,39477.6,15404.0,2011
MUNSTER,1.0,4.0,2.0,20000.0,1980.0,22500.0,5300.0,2020
MURDOCH,2.048076923076923,3.9423076923076925,2.0384615384615383,710.8269230769231,1990.2788461538462,12407.692307692309,1722.923076923077,2013
MYAREE,1.5463917525773196,3.2371134020618557,1.8350515463917525,1281.701030927835,1985.1546391752577,10574.226804123711,3836.082474226804,2016
NAVAL BASE,1.0,3.0,0.0,2614.0,2002.0,28500.0,6400.0,2013
NEDLANDS,2.0288461538461537,3.6923076923076925,2.3173076923076925,819.5961538461538,1956.0865384615386,6021.153846153846,1848.1442307692307,2018
NEERABUP,2.0,3.5,1.875,29769.25,1989.875,31675.0,1925.0,2006
NOLLAMARA,1.6666666666666667,2.9743589743589745,1.641025641025641,508.2307692307692,1999.6666666666667,8176.923076923077,4043.5897435897436,2019
NORANDA,2.019230769230769,3.9711538461538463,2.4423076923076925,772.1057692307693,1986.0576923076924,9369.23076923077,5470.192307692308,2018
NORTH BEACH,1.9381443298969072,3.422680412371134,1.9175257731958764,635.7835051546392,1988.041237113402,13813.40206185567,4058.762886597938,2016
NORTH COOGEE,2.3617021276595747,3.8297872340425534,2.1914893617021276,772.3191489361702,2007.340425531915,18376.59574468085,5038.297872340426,2017
NORTH FREMANTLE,1.943661971830986,3.1267605633802815,1.7887323943661972,595.5352112676056,1981.112676056338,13154.929577464789,618.7042253521126,2017
NORTH LAKE,1.9694656488549618,3.931297709923664,1.6641221374045803,693.9312977099237,1991.3435114503816,14686.259541984733,2675.5725190839694,2011
NORTH PERTH,1.5866666666666667,2.973333333333333,1.7866666666666666,424.53333333333336,1958.24,2826.6666666666665,1943.8266666666666,2019
NORTHBRIDGE,1.7272727272727273,2.4545454545454546,1.3636363636363635,647.5454545454545,1972.0,1254.1818181818182,1175.1818181818182,2014
O'CONNOR,1.625,3.0,2.75,574.25,1982.625,13750.0,4450.0,2013
OAKFORD,2.064516129032258,4.21505376344086,2.978494623655914,18297.139784946237,1995.4193548387098,29443.010752688173,8000.0,2015
OCEAN REEF,2.128440366972477,4.064220183486238,2.018348623853211,763.9357798165138,1991.8532110091744,24513.761467889908,3376.146788990826,2018
OLDBURY,1.8461538461538463,4.076923076923077,2.0,92374.26923076923,1990.6923076923076,34692.307692307695,7215.384615384615,2007
ORANGE GROVE,2.0434782608695654,3.9347826086956523,2.5652173913043477,13770.673913043478,1981.9782608695652,17647.82608695652,3884.782608695652,2008
ORELIA,1.5931034482758621,3.579310344827586,1.8,687.7379310344828,1988.8896551724138,31340.0,1829.7724137931034,2017
OSBORNE PARK,1.511111111111111,2.977777777777778,1.9555555555555555,811.9333333333333,1987.2444444444445,6517.777777777777,1491.2666666666667,2017
PADBURY,1.4526315789473685,3.557894736842105,1.5473684210526315,731.1789473684211,1982.1894736842105,18555.78947368421,1566.8105263157895,2018
PALMYRA,1.5930232558139534,3.36046511627907,1.9767441860465116,669.0348837209302,1982.5232558139535,12250.0,3668.6046511627906,2019
PARKERVILLE,1.748299319727891,3.639455782312925,2.6258503401360542,8825.299319727892,1986.530612244898,27924.48979591837,13291.836734693878,2014
PARKWOOD,1.4655172413793103,3.5517241379310347,1.8103448275862069,807.3534482758621,1983.3103448275863,11741.379310344828,3626.7241379310344,2017
PARMELIA,1.4210526315789473,3.5526315789473686,1.6228070175438596,691.640350877193,1985.4035087719299,32869.29824561404,1584.0701754385964,2017
PEARSALL,2.0136986301369864,3.664383561643836,2.1301369863013697,532.8835616438356,2004.335616438356,19335.616438356163,3904.109589041096,2017
PEPPERMINT GROVE,2.024390243902439,3.4146341463414633,2.1219512195121952,1298.560975609756,1981.9024390243903,10402.439024390244,598.4634146341464,2013
PIARA WATERS,1.9813084112149533,3.7663551401869158,2.177570093457944,498.89719626168227,2010.3738317757009,20673.831775700935,5882.242990654206,2018
PICKERING BROOK,1.5555555555555556,3.7222222222222223,2.1666666666666665,23626.777777777777,1983.8333333333333,27394.444444444445,14222.222222222223,2008
PORT KENNEDY,1.9516129032258065,3.9086021505376345,2.075268817204301,645.9731182795699,1998.1935483870968,46442.47311827957,3970.967741935484,2019
QUEENS PARK,1.88,3.61,1.87,525.23,1999.03,9991.0,965.09,2017
QUINNS ROCKS,1.9259259259259258,3.808641975308642,1.9259259259259258,665.4876543209876,1996.3765432098764,35639.50617283951,3088.2716049382716,2018
REDCLIFFE,1.7682119205298013,3.5364238410596025,1.900662251655629,580.8543046357615,1994.953642384106,8413.245033112582,4254.9668874172185,2016
RIDGEWOOD,2.0053763440860215,3.817204301075269,2.043010752688172,529.0967741935484,2003.720430107527,34874.1935483871,3089.2473118279568,2016
RIVERTON,1.768421052631579,3.610526315789474,1.8421052631578947,609.5157894736842,1989.957894736842,9944.21052631579,3978.9473684210525,2017
RIVERVALE,1.5714285714285714,3.3015873015873014,1.9047619047619047,736.7142857142857,1981.936507936508,5453.9682539682535,1506.3650793650793,2019
ROCKINGHAM,1.6292134831460674,3.550561797752809,1.7078651685393258,802.9662921348314,1991.1011235955057,39006.74157303371,2948.5842696629215,2019
ROLEYSTONE,2.0,3.9322033898305087,2.9322033898305087,5500.177966101695,1989.906779661017,27480.508474576272,5900.847457627118,2017
ROSSMOYNE,2.008403361344538,3.8907563025210083,2.2857142857142856,784.453781512605,1981.7478991596638,9689.0756302521,1633.7478991596638,2015
SAFETY BAY,1.7647058823529411,3.6372549019607843,1.9411764705882353,761.3823529411765,1982.5588235294117,40927.450980392154,3126.470588235294,2018
SALTER POINT,2.111888111888112,3.769230769230769,2.2587412587412588,645.048951048951,1990.4125874125873,7876.923076923077,1818.6573426573427,2015
SAMSON,1.728,3.68,1.976,843.072,1983.016,14343.2,4997.6,2013
SAWYERS VALLEY,1.7063492063492063,3.6587301587301586,2.357142857142857,12217.873015873016,1984.9761904761904,33195.23809523809,19264.285714285714,2009
SCARBOROUGH,1.721311475409836,3.2295081967213113,1.8032786885245902,661.9344262295082,1988.1311475409836,10482.393442622952,3433.0,2019
SECRET HARBOUR,2.0558375634517767,3.964467005076142,2.1319796954314723,648.6497461928934,2003.0355329949239,51372.081218274114,8911.675126903554,2019
SERPENTINE,1.9256198347107438,4.041322314049586,2.87603305785124,19169.99173553719,1993.5123966942149,47676.03305785124,21907.438016528926,2015
SEVILLE GROVE,1.8083333333333333,3.783333333333333,1.9916666666666667,650.1666666666666,2000.0083333333334,23849.166666666668,2065.241666666667,2018
SHELLEY,1.9538461538461538,3.723076923076923,2.0,715.6,1984.676923076923,9064.615384615385,3356.923076923077,2016
SHENTON PARK,1.8282828282828283,3.393939393939394,1.7676767676767677,439.6161616161616,1959.5858585858587,4424.242424242424,692.2727272727273,2017
SHOALWATER,1.7924528301886793,3.5,2.1226415094339623,731.5471698113207,1989.9433962264152,40562.264150943396,4630.188679245283,2017
SINAGRA,2.0,3.761627906976744,2.011627906976744,1263.1162790697674,2005.9476744186047,24183.13953488372,3647.093023255814,2016
SINGLETON,1.88125,3.86875,2.06875,759.9,1997.0,55550.625,9366.875,2016
SORRENTO,2.0288461538461537,3.855769230769231,2.048076923076923,1332.4615384615386,1987.2403846153845,17011.53846153846,2969.230769230769,2018
SOUTH FREMANTLE,1.7777777777777777,3.242424242424242,1.9191919191919191,593.7676767676768,1966.858585858586,16312.121212121212,2110.10101010101,2016
SOUTH GUILDFORD,1.8626373626373627,3.6758241758241756,2.4285714285714284,663.2582417582418,1996.6483516483515,12626.252747252747,1563.6923076923076,2016
SOUTH LAKE,1.6513157894736843,3.664473684210526,1.5657894736842106,681.3552631578947,1991.125,17367.105263157893,2672.3684210526317,2016
SOUTH PERTH,1.7291666666666667,3.2083333333333335,1.75,1201.5833333333333,1970.8125,3441.6666666666665,3208.3333333333335,2019
SOUTHERN RIVER,2.045112781954887,4.037593984962406,2.3909774436090228,609.4962406015038,2006.827067669173,18440.601503759397,5739.097744360903,2018
SPEARWOOD,1.7532467532467533,3.5064935064935066,1.948051948051948,731.7272727272727,1988.974025974026,18710.38961038961,6900.0,2018
ST JAMES,1.5057471264367817,3.2758620689655173,2.103448275862069,712.2413793103449,1979.367816091954,7162.068965517241,1417.551724137931,2017
STIRLING,2.013793103448276,3.8482758620689657,2.2275862068965515,584.2413793103449,1998.7724137931034,8511.034482758621,1646.248275862069,2018
STONEVILLE,1.7553956834532374,3.7985611510791366,2.287769784172662,9780.273381294965,1988.1294964028777,30909.35251798561,16274.100719424461,2015
STRATTON,1.5480225988700564,3.5706214689265536,1.7005649717514124,516.8926553672317,1991.8305084745762,19690.39548022599,4731.073446327684,2015
SUBIACO,1.8,3.1538461538461537,1.6,543.8153846153846,1962.446153846154,3492.3076923076924,582.0153846153846,2018
SUCCESS,2.017543859649123,3.9298245614035086,2.017543859649123,582.4649122807018,2001.8684210526317,21412.280701754386,2382.938596491228,2018
SWAN VIEW,1.6185567010309279,3.5257731958762886,1.8556701030927836,989.8453608247422,1984.8556701030927,19524.74226804124,4692.783505154639,2017
SWANBOURNE,2.12,3.752,2.0,551.04,1984.592,8963.2,745.376,2016
TAPPING,2.0202020202020203,3.9292929292929295,2.0555555555555554,587.7676767676768,2003.5353535353536,26568.68686868687,4346.969696969697,2018
THE VINES,2.1375,4.00625,2.54375,1755.375,2001.24375,25579.5125,14889.43125,2018
THORNLIE,1.693069306930693,3.613861386138614,1.9207920792079207,695.059405940594,1987.7920792079208,15350.49504950495,2161.762376237624,2018
TREEBY,2.0,4.0,2.0,400.5,2006.0,19550.0,1600.0,2019
TRIGG,1.911764705882353,3.610294117647059,2.0441176470588234,744.6985294117648,1980.7573529411766,12944.85294117647,4644.85294117647,2016
TUART HILL,1.511111111111111,3.066666666666667,1.7777777777777777,673.6666666666666,1988.9777777777779,6275.555555555556,2140.0,2018
TWO ROCKS,1.7529411764705882,3.764705882352941,2.176470588235294,3118.8,1994.3294117647058,56401.17647058824,18248.235294117647,2017
UPPER SWAN,1.868421052631579,3.973684210526316,2.1578947368421053,23501.947368421053,1980.842105263158,25897.36842105263,13810.526315789473,2009
VICTORIA PARK,1.6363636363636365,3.1818181818181817,2.036363636363636,438.1454545454545,1973.4545454545455,4476.363636363636,1035.3454545454545,2018
VIVEASH,1.648936170212766,3.478723404255319,1.7765957446808511,1889.7978723404256,1989.8191489361702,15601.063829787234,1466.372340425532,2012
WAIKIKI,1.7536231884057971,3.6594202898550723,1.8768115942028984,640.9130434782609,1996.0072463768115,41640.57971014493,1765.7898550724638,2019
WALLISTON,1.5972222222222223,3.5555555555555554,1.7083333333333333,2533.9305555555557,1977.0555555555557,20552.777777777777,10123.611111111111,2009
WANDI,1.9690721649484537,3.6907216494845363,2.2371134020618557,3752.6082474226805,2005.7525773195875,26706.18556701031,5351.546391752578,2016
WANGARA,1.0,2.0,2.0,1320.0,2014.0,17600.0,5600.0,2015
WANNEROO,1.870503597122302,3.841726618705036,2.2158273381294964,1343.3453237410072,1992.5107913669065,21997.122302158274,3367.6258992805756,2018
WARNBRO,1.7857142857142858,3.7142857142857144,1.9675324675324675,817.0584415584416,1989.9935064935064,44010.38961038961,1814.922077922078,2018
WARWICK,1.6615384615384616,3.646153846153846,1.8153846153846154,762.2923076923076,1979.6307692307691,13587.692307692309,1059.9846153846154,2016
WATERFORD,2.330508474576271,4.296610169491525,1.8983050847457628,696.5762711864406,1997.2118644067796,7535.593220338983,3087.2881355932204,2014
WATERMANS BAY,1.8717948717948718,3.427350427350427,1.8376068376068375,796.7179487179487,1988.5555555555557,15039.31623931624,3920.5128205128203,2014
WATTLE GROVE,2.00531914893617,3.893617021276596,2.132978723404255,758.4255319148937,2004.8351063829787,13364.36170212766,5215.95744680851,2017
WATTLEUP,1.6666666666666667,3.619047619047619,1.6666666666666667,13208.952380952382,1980.952380952381,24580.95238095238,6576.190476190476,2009
WELLARD,2.010989010989011,3.78021978021978,2.6923076923076925,3751.835164835165,2004.5714285714287,34848.35164835165,2018.5604395604396,2018
WELSHPOOL,2.0,4.0,0.0,655.0,1970.0,7300.0,467.0,2012
WEMBLEY,1.7727272727272727,3.3333333333333335,1.7878787878787878,621.4848484848485,1969.6818181818182,4666.666666666667,1624.2727272727273,2019
WEMBLEY DOWNS,2.1025641025641026,3.7264957264957266,2.0085470085470085,658.9230769230769,1987.6923076923076,9029.91452991453,4300.854700854701,2017
WEST LEEDERVILLE,1.8461538461538463,3.3076923076923075,1.8333333333333333,416.96153846153845,1965.0128205128206,2894.871794871795,504.3205128205128,2017
WEST PERTH,1.4782608695652173,2.391304347826087,1.173913043478261,850.2608695652174,1981.6521739130435,1613.0434782608695,732.1304347826087,2018
WEST SWAN,1.880952380952381,4.0476190476190474,2.6666666666666665,14329.309523809523,1982.8095238095239,16795.238095238095,4742.857142857143,2008
WESTMINSTER,1.56,3.12,1.94,659.86,1991.68,9632.0,4396.0,2018
WHITBY,2.0,3.75,2.0,483.0,1965.75,38925.0,14300.0,2017
WHITE GUM VALLEY,1.6767676767676767,3.414141414141414,2.212121212121212,611.4646464646464,1977.9292929292928,14716.161616161617,2536.3636363636365,2016
WILLAGEE,1.6421052631578947,3.294736842105263,1.8736842105263158,598.5578947368421,1985.042105263158,12249.473684210527,4570.526315789473,2018
WILLETTON,1.7049180327868851,3.6721311475409837,1.6885245901639345,736.7868852459017,1983.0983606557377,11788.524590163934,3429.5081967213114,2019
WILSON,1.7142857142857142,3.4155844155844157,1.6103896103896105,686.8701298701299,1987.9610389610389,9050.64935064935,2958.4415584415583,2017
WINTHROP,2.1927710843373496,4.265060240963855,2.072289156626506,746.6385542168674,1988.7590361445782,11554.216867469879,2654.2168674698796,2016
WOODBRIDGE,1.6554621848739495,3.2521008403361344,1.9075630252100841,712.0252100840336,1975.5714285714287,14546.218487394957,349.1344537815126,2012
WOODLANDS,1.9789473684210526,3.6736842105263157,2.221052631578947,672.7789473684211,1986.3684210526317,8103.1578947368425,2085.2631578947367,2016
WOODVALE,1.9696969696969697,3.909090909090909,1.878787878787879,676.070707070707,1992.121212121212,19164.646464646463,1395.080808080808,2018
WOOROLOO,1.6274509803921569,3.843137254901961,2.1372549019607843,25639.333333333332,1979.4117647058824,45864.705882352944,30943.13725490196,2011
WUNGONG,2.0,4.55,2.3,13453.0,1979.8,29425.0,3140.0,2010
YANCHEP,1.9152542372881356,3.7033898305084745,1.8983050847457628,583.1186440677966,2004.9322033898304,49919.49152542373,11678.813559322034,2019
YANGEBUP,1.628787878787879,3.643939393939394,1.7424242424242424,662.7954545454545,1992.5757575757575,19523.484848484848,4505.30303030303,2018
YOKINE,1.6111111111111112,3.240740740740741,1.7777777777777777,546.7037037037037,1993.0925925925926,6005.555555555556,3353.703703703704,2019
